7200,TN,TD
7204,KN,TD
7205,OR,TD
7206,HR,TD
7207,AP,TD
7208,MU,TD
7209,BR,TD
7250,BR,AT
7259,KN,AT
7275,UE,TD
7276,MH,TD
7277,BR,AC
7278,KO,AC
7293,KL,AC
7298,JK,AC
7299,CH,AC
7301,BR,Q
7302,MU,LO
7303,MU,RG
7304,MH,RG
7305,TN,RG
7306,AP,RG
7307,PB,RG
7308,NE,RG
7309,UE,ID
7350,MH,ID
7351,UW,ID
7352,BR,ID
7353,KN,ID
7354,MP,ID
7355,PB,VC
7356,KL,VC
7357,HR,VC
7358,TN,VC
7359,GJ,ID
7373,TN,AC
7376,UE,BS
7377,OR,ID
7379,UE,VF
7380,PB,BS
7381,OR,VF
7382,AP,BS
7383,GJ,UN
7384,WB,UN
7385,MH,UN
7386,AP,UN
7387,MH,AT
7388,UE,AT
7389,MP,AT
7396,AP,UN
7398,UE,UN
7399,AS,AC
7401,CH,AC
7402,TN,AC
7403,KL,AC
7404,HR,TD
7405,GJ,TD
7406,KN,VF
7407,WB,VF
7408,UE,VF
7409,UW,VF
7411,KN,TD
7415,MP,TD
7416,AP,TD
7417,UW,TD
7418,TN,TD
7419,MH,RG
7428,DL,RG
7429,KL,RG
7439,KO,RG
7483,KN,RG
7488,BR,RG
7489,MP,RG
7498,MU,RG
7499,UE,RG
7500,UW,ID
7501,WB,TD
7502,TN,AC
7503,DL,AC
7504,OR,AC
7505,UE,RG
7506,MU,VF
7507,MH,VF
7508,PB,VF
7509,MP,VF
7520,UW,RG
7549,BR,VF
7566,MP,VF
7567,GJ,VF
7568,RJ,AT
7569,AP,RG
7579,UW,BS
7587,MP,BS
7588,MH,BS
7589,PB,BS
7597,RJ,BS
7598,TN,BS
7599,UW,BS
7600,GJ,AT
7602,WB,AT
7607,UE,AT
7620,MH,RG
7631,BR,VF
7639,TN,VF
7654,BR,ID
7665,RJ,VF
7666,MU,RG
7667,TN,RG
7668,UE,RG
7669,UW,RG
7676,KN,RG
7677,BR,RG
7679,WB,RG
7696,PB,TD
7697,MP,ID
7698,GJ,ID
7699,WB,ID
7702,AP,AT
7708,TN,AT
7709,MH,AT
7735,OR,RG
7736,KL,TD
7737,RJ,TD
7738,MU,AT
7739,BR,AT
7742,RJ,AT
7760,KN,AT
7795,KN,TD
7796,DL,TD
7797,WB,VF
7798,MH,VF
7799,AP,VF
7800,UE,VF
7807,HP,Q
7808,BR,Q
7809,OR,Q
7814,PB,RG
7827,DL,RG
7828,MP,RG
7829,KN,VF
7830,UW,VF
7837,PB,VF
7838,DL,VF
7839,UE,BS
7842,AP,TD
7843,UE,AC
7844,UE,AC
7845,TN,TD
7846,KN,RG
7847,KN,RG
7848,KN,RG
7850,UE,RG
7851,UE,RG
7853,OR,RG
7854,OR,RG
7855,OR,RG
7856,BR,RG
7857,BR,RG
7858,BR,RG
7860,UE,ID
7861,DL,RG
7862,DL,RG
7864,WB,RG
7865,WB,RG
7866,WB,RG
7867,TN,VF
7868,TN,VF
7869,MP,AT
7870,BR,UN
7871,TN,UN
7872,WB,VF
7873,OR,VF
7874,GJ,VF
7875,MH,VF
7876,HR,RG
7877,RJ,RG
7878,GJ,RG
7879,MP,RG
7890,KO,ID
7891,RJ,ID
7893,AP,AT
7894,OR,AT
7895,UW,AT
7896,AS,AT
7897,UE,AT
7898,MP,AT
7899,KN,UN
8000,GJ,RG
8001,WB,VF
8002,BR,AT
8003,RJ,AT
8004,UE,BS
8005,UE,BS
8006,UW,VF
8007,MH,VF
8008,AP,AT
8009,UE,AT
8010,DL,RG
8011,AS,AT
8012,TN,AC
8013,KO,AC
8014,NE,AC
8015,TN,TD
8016,WB,AT
8017,KO,VF
8018,OR,AT
8019,AP,TD
8050,KN,TD
8051,BR,VF
8052,UE,VF
8053,HR,VF
8054,PB,VF
8055,MH,RG
8056,TN,AT
8057,UW,ID
8058,RJ,ID
8059,HR,ID
8080,MU,RG
8081,UE,RG
8082,MU,LO
8083,BR,AC
8084,BR,AT
8085,MP,AT
8086,KL,VF
8087,MH,TD
8088,KN,RG
8089,KL,TD
8090,UE,TD
8091,HP,TD
8092,BR,TD
8093,OR,TD
8094,RJ,VF
8095,KN,VF
8096,AP,ID
8097,MU,TD
8098,TN,VF
8099,AP,RG
8100,KO,RG
8101,WB,RG
8102,BR,RG
8103,MP,RG
8104,RJ,MS
8105,KN,AT
8106,AP,AT
8107,RJ,AT
8108,MU,ID
8109,MP,TD
8110,TN,VF
8113,KL,ID
8115,UE,UN
8116,WB,AT
8117,OR,UN
8119,NE,AT
8120,MP,ID
8121,AP,TD
8122,TN,TD
8123,KN,TD
8124,TN,ID
8125,AP,TD
8126,UW,AT
8127,UE,AT
8128,GJ,AT
8129,KL,AT
8130,DL,AT
8131,NE,AT
8132,NE,AT
8133,AS,AT
8134,AS,AT
8135,AS,AT
8137,KL,AT
8138,KL,AT
8140,GJ,ID
8141,GJ,VF
8142,AP,VF
8143,AP,TD
8144,TN,RG
8145,WB,VF
8146,PB,AT
8147,KN,TD
8148,TN,TD
8149,MH,TD
8150,KN,ID
8151,KN,ID
8152,KN,ID
8153,GJ,ID
8154,GJ,ID
8155,GJ,ID
8157,KL,ID
8158,WB,AT
8159,WB,AT
8170,WB,AT
8171,UW,AT
8173,UE,AT
8174,UE,AT
8176,UE,TD
8179,AP,AT
8180,MH,UN
8181,UE,AC
8183,KN,MS
8185,AP,ID
8186,AP,ID
8188,UE,TD
8190,TN,ID
8191,UW,ID
8192,UW,ID
8193,UW,ID
8195,PB,ID
8196,PB,ID
8197,KN,AT
8199,HR,ID
8220,TN,AT
8221,HR,ID
8222,HR,ID
8223,MP,ID
8224,MP,ID
8225,MP,ID
8227,BR,ID
8228,BR,ID
8230,KO,RG
8231,KO,RG
8232,KO,RG
8233,RJ,TD
8234,MP,RG
8235,BR,TD
8236,MP,RG
8237,MH,TD
8238,GJ,VF
8239,RJ,VF
8251,MP,RG
8252,BR,RG
8254,AS,RG
8255,AS,RG
8257,NE,VF
8258,NE,VF
8259,NE,VF
8260,OR,RG
8261,HP,RG
8262,HP,RG
8263,HP,RG
8264,GJ,VC
8266,UW,TD
8267,UW,TD
8268,MU,VC
8269,MP,VC
8270,OR,UN
8271,BR,UN
8273,UW,UN
8274,KO,TD
8275,MH,BS
8276,KO,TD
8277,KN,BS
8278,HR,BS
8279,RJ,BS
8280,OR,BS
8281,KL,BS
8282,KO,TD
8283,PB,AT
8284,PB,AT
8285,DL,AC
8286,MU,AC
8287,DL,RG
8288,PB,AT
8290,RJ,AT
8291,MU,UN
8292,BR,AT
8293,WB,TD
8294,BR,AT
8295,HR,AT
8296,KO,UN
8297,AP,VF
8298,BR,VF
8300,TN,BS
8301,KL,BS
8302,RJ,RG
8303,UE,RG
8304,KL,BS
8305,MP,RG
8306,GJ,RG
8307,UW,RG
8308,MH,ID
8331,AP,BS
8332,AP,BS
8333,AP,BS
8334,KO,VF
8335,KO,VF
8336,KO,VF
8338,OR,VF
8339,OR,VF
8341,AP,UN
8342,OR,VF
8343,WB,ID
8344,TN,AC
8345,WB,ID
8346,WB,ID
8347,GJ,ID
8348,WB,VF
8349,MP,AT
8351,HP,ID
8352,HP,ID
8354,UE,UN
8356,MU,UN
8357,MP,VF
8358,MP,VF
8359,MP,VF
8371,WB,VF
8372,WB,VF
8374,AP,AT
8375,DL,VF
8376,DL,VF
8377,DL,VF
8378,MH,ID
8379,MH,ID
8380,MH,ID
8382,UE,UN
8383,MU,UN
8385,RJ,AC
8386,RJ,AC
8387,RJ,AC
8388,WB,RG
8389,WB,RG
8390,MH,VF
8391,WB,RG
8393,UW,VF
8394,UW,VF
8396,HR,VF
8397,HR,VF
8398,HR,VF
8399,AS,VF
8400,UE,AT
8401,GJ,UN
8402,AS,VF
8403,AS,VF
8405,BR,VF
8406,BR,VF
8408,MH,VF
8409,BR,UN
8410,UW,AC
8411,MH,VF
8412,MH,VF
8413,NE,AT
8414,NE,AT
8415,NE,AT
8417,UE,ID
8418,UE,ID
8420,KO,AT
8421,MH,UN
8422,MU,ID
8423,UE,UN
8424,MU,ID
8425,MU,ID
8426,RJ,ID
8427,PB,AT
8428,TN,VC
8429,UE,RG
8430,UW,RG
8431,KN,RG
8432,RJ,MS
8433,MU,MS
8434,BR,MS
8435,MP,ID
8436,WB,UN
8437,PB,ID
8438,TN,TD
8439,UW,TD
8440,RJ,ID
8441,RJ,ID
8443,KO,RG
8444,KO,RG
8445,UW,UN
8446,MH,TD
8447,DL,VF
8448,MU,RG
8449,UW,ID
8451,MU,AT
8452,MU,AT
8453,KN,MS
8454,MU,AT
8455,OR,AT
8456,OR,AT
8457,OR,AT
8459,DL,MS
8460,GJ,TD
8461,MP,ID
8462,MP,ID
8464,AP,ID
8465,AP,ID
8466,AP,ID
8467,DL,RG
8468,DL,RG
8469,GJ,VF
8470,DL,RG
8472,AS,AT
8473,AS,AT
8475,UW,ID
8476,UW,ID
8477,UW,ID
8478,KO,ID
8479,KO,ID
8480,UE,BS
8481,KO,ID
8483,MH,UN
8484,MH,UN
8486,AS,VF
8487,GJ,UN
8488,GJ,UN
8489,TN,VF
8490,GJ,UN
8491,JK,AT
8492,JK,AT
8493,JK,AT
8495,KN,ID
8496,KN,ID
8498,AP,ID
8499,AP,ID
8500,AP,BS
8501,AP,ID
8502,RJ,ID
8503,RJ,ID
8504,RJ,ID
8506,DL,ID
8507,BR,AC
8508,TN,AC
8509,WB,RG
8510,DL,ID
8511,GJ,AT
8513,WB,ID
8514,WB,ID
8515,WB,ID
8516,MP,VF
8517,MP,VF
8518,MP,VF
8520,AP,UN
8521,BR,AT
8522,AP,UN
8524,TN,UN
8525,TN,UN
8526,TN,AC
8527,DL,AT
8528,PB,VC
8529,HR,VC
8530,GJ,VC
8531,TN,UN
8532,UW,UN
8533,UW,UN
8534,UW,UN
8536,WB,UN
8537,WB,UN
8539,BR,UN
8540,BR,UN
8541,BR,UN
8542,UE,UN
8543,UE,UN
8544,BR,BS
8545,UE,UN
8547,KL,BS
8548,KN,UN
8549,KN,UN
8551,MH,VF
8552,MH,VF
8553,KN,AC
8554,MH,VF
8556,PB,VF
8557,PB,VF
8558,PB,VF
8560,RJ,AC
8561,RJ,AC
8563,UE,AC
8564,UE,AC
8565,UE,AC
8566,PB,AC
8567,PB,AC
8568,PB,AC
8570,RJ,AC
8571,RJ,AC
8573,UE,ID
8574,UE,AC
8575,NE,AC
8576,UE,ID
8577,UE,ID
8578,BR,ID
8579,BR,ID
8580,BR,BS
8581,BR,ID
8583,KO,AT
8584,KO,AT
8586,DL,VF
8587,DL,VF
8588,DL,VF
8589,KL,VF
8590,KL,RG
8591,PB,RG
8592,KL,VF
8593,KL,VF
8595,DL,RG
8596,OR,VF
8597,BR,RG
8598,OR,VF
8600,MH,AT
8601,UE,VF
8602,MP,TD
8603,BR,TD
8604,UE,TD
8605,MH,ID
8606,KL,ID
8607,HR,ID
8608,TN,ID
8609,WB,ID
8620,KO,UN
8621,KO,UN
8622,KO,UN
8623,MH,UN
8624,MH,UN
8625,MH,UN
8627,HP,AT
8628,HP,AT
8640,WB,MS
8641,WB,MS
8642,WB,MS
8643,TN,MS
8644,TN,MS
8645,TN,MS
8647,KO,MS
8648,KO,MS
8650,UW,VF
8651,BR,ID
8652,MU,ID
8653,WB,TD
8654,MP,AC
8655,MU,TD
8656,MP,AC
8657,MH,RG
8658,OR,AT
8659,MP,AC
8670,WB,AT
8671,GJ,AC
8672,GJ,AC
8673,GJ,AC
8675,TN,AC
8676,BR,VF
8677,BR,VF
8679,HP,AC
8680,TN,ID
8681,TN,ID
8682,TN,ID
8683,HR,ID
8684,HR,ID
8685,HR,ID
8686,AP,AC
8687,UE,RG
8688,AP,RG
8690,GJ,RG
8691,MP,ID
8692,MP,ID
8694,KN,MS
8695,TN,RG
8696,RJ,VF
8697,KO,VF
8698,MH,VF
8699,PB,TD
8710,KN,MS
8711,KN,MS
8712,AP,TD
8713,JK,VF
8714,KL,TD
8715,JK,VF
8716,JK,VF
8718,MP,ID
8719,MP,ID
8721,AS,VF
8722,KN,ID
8723,AS,VF
8724,AS,VF
8725,PB,ID
8726,UE,ID
8727,PB,ID
8728,PB,ID
8730,NE,AT
8731,NE,AT
8733,GJ,UN
8734,GJ,UN
8735,GJ,UN
8736,UE,UN
8737,UE,UN
8738,UE,UN
8740,RJ,ID
8741,RJ,ID
8743,DL,ID
8744,DL,ID
8745,DL,ID
8746,KN,ID
8747,KN,ID
8748,KN,ID
8750,DL,ID
8751,AS,AC
8752,AS,AC
8754,TN,AT
8755,UW,AT
8756,UE,AT
8757,BR,AT
8758,GJ,VF
8759,WB,AC
8760,TN,AC
8761,AS,AT
8762,KN,BS
8763,OR,BS
8764,RJ,BS
8765,UE,BS
8766,RJ,RG
8767,MU,RG
8768,WB,VF
8769,RJ,AT
8790,AP,AT
8791,UW,TD
8792,KN,TD
8793,MH,TD
8794,NE,VF
8795,UE,VF
8796,MH,AC
8797,BR,TD
8798,WB,RG
8799,UE,RG
8800,DL,AT
8801,AP,AC
8802,DL,AC
8803,JK,AC
8804,BR,AC
8805,MH,ID
8806,MH,VF
8807,TN,TD
8808,UE,ID
8809,BR,AT
8810,UW,RG
8811,AS,AT
8812,AS,AT
8813,HR,VF
8814,HR,VF
8815,MP,RG
8816,HR,VF
8817,MP,RG
8819,MP,VF
8820,KO,RG
8821,MP,VF
8822,AS,RG
8824,RJ,RG
8825,TN,VC
8826,DL,AT
8827,MP,AT
8828,MU,VC
8829,RJ,TD
8852,RJ,TD
8853,UE,AT
8854,RJ,TD
8855,MH,UN
8856,MH,UN
8857,MH,UN
8858,UE,UN
8859,UW,VF
8860,DL,VF
8861,KN,AT
8863,BR,UN
8865,UW,UN
8866,GJ,TD
8867,KN,TD
8868,UW,UN
8870,TN,AT
8871,MP,TD
8872,PB,ID
8873,BR,ID
8874,UE,VF
8875,RJ,VF
8876,AS,VF
8877,BR,VF
8878,MP,VF
8879,MU,VF
8880,KN,RG
8881,UW,RG
8882,DL,RG
8883,TN,AC
8884,KN,VF
8885,AP,TD
8886,AP,VF
8887,UE,BS
8888,MH,ID
8889,MP,ID
8890,RJ,AT
8891,KL,TD
8892,KN,AC
8893,KL,RG
8894,HP,AT
8895,OR,BS
8896,UE,AC
8897,AP,AT
8898,MU,AC
8899,UW,RG
8900,WB,BS
8901,HR,BS
8902,KO,BS
8903,TN,BS
8904,KN,TD
8905,GJ,RG
8906,WB,AC
8907,KL,AC
8908,OR,AC
8909,UW,AC
8922,UE,UN
8923,UW,UN
8924,UE,UN
8925,TN,MS
8926,WB,MS
8927,WB,RG
8928,MH,RG
8929,HR,RG
8930,HR,VF
8931,UE,UN
8932,UE,ID
8933,UE,ID
8934,UE,ID
8937,UW,ID
8938,UW,ID
8939,CH,VF
8940,TN,VF
8941,UW,ID
8942,WB,UN
8943,KL,VF
8944,WB,UN
8945,WB,UN
8947,RJ,AC
8948,UE,VF
8950,HR,TD
8951,KN,TD
8952,RJ,AC
8953,UE,AT
8954,UW,VF
8955,RJ,RG
8956,MH,RG
8957,UE,RG
8958,UW,ID
8959,MP,ID
8960,UE,TD
8961,KO,TD
8962,MP,TD
8964,MP,ID
8965,MP,ID
8966,MP,ID
8967,WB,AT
8968,PB,AT
8969,BR,AT
8970,KN,ID
8971,KN,AT
8972,WB,AT
8973,TN,AC
8974,NE,AT
8975,MH,ID
8976,MU,TD
8977,AP,TD
8978,AP,AT
8979,UW,AT
8980,GJ,VF
8981,KO,TD
8982,MP,TD
8983,MH,TD
8984,OR,TD
8985,AP,BS
8986,BR,BS
8987,BR,BS
8988,HP,BS
8989,MP,BS
9000,AP,AT
9001,RJ,AT
9002,WB,AT
9003,TN,AT
9004,MU,AT
9005,UE,AT
9006,BR,AT
9007,KO,AT
9008,KN,AT
9009,MP,ID
9010,AP,ID
9011,MH,ID
9012,UW,ID
9013,DL,MT
9014,AP,RG
9015,DL,RG
9016,GJ,RG
9017,HR,RG
9018,JK,RG
9019,KN,RG
9020,KL,RG
9021,MH,RG
9022,MU,RG
9023,PB,RG
9024,RJ,RG
9025,TN,RG
9026,UE,RG
9027,UW,RG
9028,MH,TD
9029,MU,TD
9030,AP,TD
9031,BR,TD
9032,AP,TD
9033,GJ,TD
9034,HR,TD
9035,KN,TD
9036,KN,TD
9037,KL,TD
9038,KO,TD
9039,MP,TD
9040,OR,TD
9041,PB,TD
9042,TN,TD
9043,TN,TD
9044,UE,TD
9045,UW,TD
9046,WB,TD
9047,TN,VF
9048,KL,VF
9049,MH,VF
9050,HR,VF
9051,KO,VF
9052,AP,VF
9053,HR,UN
9054,HP,UN
9055,JK,UN
9056,PB,UN
9057,RJ,UN
9058,UW,UN
9059,AP,UN
9060,KN,UN
9061,KL,UN
9062,KO,UN
9063,AP,VC
9064,AS,VC
9065,BR,VC
9066,DL,VC
9067,GJ,VC
9068,HR,VC
9069,HP,VC
9070,JK,VC
9071,KN,VC
9072,KL,VC
9073,KO,VC
9074,MP,VC
9075,MH,VC
9076,MU,VC
9077,NE,VC
9078,OR,VC
9079,RJ,VC
9080,TN,VC
9081,UE,VC
9082,UW,VC
9083,WB,VC
9084,DL,UN
9085,AS,ID
9086,JK,ID
9088,KO,ID
9089,NE,ID
9090,OR,ID
9092,TN,ID
9093,WB,ID
9094,CH,AC
9095,TN,AC
9096,MH,AT
9097,BR,AC
9098,MP,RG
9099,GJ,VF
9100,AP,LO
9101,AS,LO
9102,BR,LO
9103,DL,LO
9104,GJ,LO
9105,HR,LO
9106,HP,LO
9107,JK,LO
9108,KN,LO
9109,KL,LO
9110,KO,LO
9111,MP,LO
9112,MH,LO
9113,NE,LO
9114,OR,LO
9115,PB,LO
9116,RJ,LO
9117,TN,LO
9118,UE,LO
9119,UW,LO
9120,WB,LO
9121,AS,UN
9122,BR,UN
9123,NE,UN
9124,OR,UN
9125,UE,UN
9126,WB,UN
9127,AS,Q
9128,BR,Q
9129,HP,Q
9130,JK,Q
9131,NE,Q
9132,OR,Q
9133,AP,MS
9134,AS,MS
9135,BR,MS
9136,DL,MS
9137,GJ,MS
9138,HR,MS
9139,HP,MS
9140,JK,MS
9141,KN,MS
9142,KL,MS
9143,KO,MS
9144,MP,MS
9145,MH,MS
9146,MU,MS
9147,NE,MS
9148,OR,MS
9149,PB,MS
9150,TN,MS
9151,UE,MS
9152,UW,MS
9153,WB,MS
9158,MH,VF
9159,TN,VF
9160,AP,VF
9161,UE,VF
9162,BR,AT
9163,KO,AT
9164,KN,ID
9165,MP,ID
9166,RJ,AT
9167,MU,VF
9171,TN,UN
9172,MU,UN
9173,GJ,UN
9174,MP,UN
9175,MH,UN
9176,CH,VF
9177,AP,AT
9178,OR,AT
9179,MP,AT
9180,AP,BS
9181,AS,BS
9182,BR,BS
9183,CH,BS
9184,GJ,BS
9185,HP,BS
9186,JK,BS
9187,KN,BS
9188,KL,BS
9189,KO,BS
9190,MP,BS
9191,NE,BS
9192,OR,BS
9193,PB,BS
9194,RJ,BS
9195,TN,BS
9196,UE,BS
9197,WB,BS
9198,UE,AT
9199,BR,AT
9200,MP,TI
9201,MP,TI
9202,MP,TI
9203,MP,TI
9204,BR,TI
9205,JK,TI
9206,NE,TI
9207,AS,TI
9208,UE,TI
9209,MH,TI
9210,DL,TI
9211,DL,TI
9212,DL,TI
9213,DL,TI
9214,RJ,TI
9215,HR,TI
9216,PB,TI
9217,PB,TI
9218,HP,TI
9219,UW,TI
9220,MU,TI
9221,MU,TI
9222,MU,TI
9223,MU,TI
9224,MU,TI
9225,MH,TI
9226,MH,TI
9227,GJ,TI
9228,GJ,TI
9229,MP,TI
9230,KO,TI
9231,KO,TI
9232,WB,TI
9233,WB,TI
9234,BR,TI
9235,UE,TI
9236,UE,TI
9237,OR,TI
9238,OR,TI
9239,KO,TI
9240,CH,TI
9241,KN,TI
9242,KN,TI
9243,KN,TI
9244,TN,TI
9245,TN,TI
9246,AP,TI
9247,AP,TI
9248,AP,TI
9249,KL,TI
9250,DL,TI
9251,RJ,TI
9252,RJ,TI
9253,HR,TI
9254,HR,TI
9255,HR,TI
9256,PB,TI
9257,PB,TI
9258,UW,TI
9259,UW,TI
9260,MH,TI
9261,RJ,TI
9262,TN,TI
9263,BR,TI
9265,MH,TI
9266,DL,TI
9267,UW,TI
9268,DL,TI
9269,RJ,TI
9270,MH,TI
9271,MH,TI
9272,MH,TI
9273,MH,TI
9274,GJ,TI
9275,GJ,TI
9276,GJ,TI
9277,GJ,TI
9278,DL,TI
9279,BR,TI
9280,CH,TI
9281,CH,TI
9282,CH,TI
9283,CH,TI
9284,CH,TI
9285,CH,TI
9286,UW,TI
9287,KL,TI
9288,KL,TI
9289,DL,TI
9290,AP,TI
9291,AP,TI
9292,AP,TI
9293,AP,TI
9294,AP,TI
9295,AP,TI
9296,AP,TI
9297,AP,TI
9298,AP,TI
9299,AP,TI
9300,MP,RC
9301,MP,RC
9302,MP,RC
9303,MP,RC
9304,BR,RC
9305,UE,RC
9306,JK,RC
9307,UE,RC
9308,BR,RC
9309,RJ,RC
9310,DL,RC
9311,DL,RC
9312,DL,RC
9313,DL,RC
9314,RJ,RC
9315,HR,RC
9316,PB,RC
9317,PB,RC
9318,HP,RC
9319,UW,RC
9320,MU,RC
9321,MU,RC
9322,MU,RC
9323,MU,RC
9324,MU,RC
9325,MH,RC
9326,MH,RC
9327,GJ,RC
9328,GJ,RC
9329,MP,RC
9330,KO,RC
9331,KO,RC
9332,WB,RC
9333,WB,RC
9334,BR,RC
9335,UE,RC
9336,UE,RC
9337,OR,RC
9338,OR,RC
9339,KO,RC
9340,CH,RC
9341,KN,RC
9342,KN,RC
9343,KN,RC
9344,TN,RC
9345,TN,RC
9346,AP,RC
9347,AP,RC
9348,AP,RC
9349,KL,RC
9350,DL,RC
9351,RJ,RC
9352,RJ,RC
9353,KN,RC
9354,HR,RC
9355,HR,RC
9356,PB,RC
9357,PB,RC
9358,UW,RC
9359,UW,RC
9360,TN,RC
9361,TN,RC
9362,TN,RC
9363,TN,RC
9364,TN,RC
9365,TN,RC
9366,TN,RC
9367,TN,RC
9368,UW,RC
9369,UE,RC
9370,MH,RC
9371,MH,RC
9372,MH,RC
9373,MH,RC
9374,GJ,RC
9375,GJ,RC
9376,GJ,RC
9377,GJ,RC
9378,WB,RC
9379,KN,RC
9380,CH,RC
9381,CH,RC
9382,CH,RC
9383,CH,RC
9384,CH,RC
9385,CH,RC
9386,BR,RC
9387,KL,RC
9388,KL,RC
9389,UE,RC
9390,AP,RC
9391,AP,RC
9392,AP,RC
9393,AP,RC
9394,AP,RC
9395,AP,RC
9396,AP,RC
9397,AP,RC
9398,AP,RC
9399,AP,RC
9400,KL,BS
9401,AS,BS
9402,NE,BS
9403,MH,BS
9404,MH,BS
9405,MH,BS
9406,MP,BS
9407,MP,BS
9408,GJ,BS
9409,GJ,BS
9410,UW,BS
9411,UW,BS
9412,UW,BS
9413,RJ,BS
9414,RJ,BS
9415,UE,BS
9416,HR,BS
9417,PB,BS
9418,HP,BS
9419,JK,BS
9420,MH,BS
9421,MH,BS
9422,MH,BS
9423,MH,BS
9424,MP,BS
9425,MP,BS
9426,GJ,BS
9427,GJ,BS
9428,GJ,BS
9429,GJ,BS
9430,BR,BS
9431,BR,BS
9432,KO,BS
9433,KO,BS
9434,WB,BS
9435,AS,BS
9436,NE,BS
9437,OR,BS
9438,OR,BS
9439,OR,BS
9440,AP,BS
9441,AP,BS
9442,TN,BS
9443,TN,BS
9444,CH,BS
9445,CH,BS
9446,KL,BS
9447,KL,BS
9448,KN,BS
9449,KN,BS
9450,UE,BS
9451,UE,BS
9452,UE,BS
9453,UE,BS
9454,UE,BS
9455,UE,BS
9456,UW,BS
9457,UW,BS
9458,UW,BS
9459,HP,BS
9460,RJ,BS
9461,RJ,BS
9462,RJ,BS
9463,PB,BS
9464,PB,BS
9465,PB,BS
9466,HR,BS
9467,HR,BS
9469,JK,BS
9470,BR,BS
9471,BR,BS
9472,BR,BS
9474,WB,BS
9475,WB,BS
9477,KO,BS
9478,PB,BS
9479,MP,BS
9480,KN,BS
9481,KN,BS
9482,KN,BS
9483,KN,BS
9484,KN,BS
9485,NE,BS
9486,TN,BS
9487,TN,BS
9488,TN,BS
9489,TN,BS
9490,AP,BS
9491,AP,BS
9492,AP,BS
9493,AP,BS
9494,AP,BS
9495,KL,BS
9496,KL,BS
9497,KL,BS
9498,CH,BS
9499,CH,BS
9500,TN,AT
9501,PB,AT
9502,AP,AT
9503,MH,AT
9504,BR,AC
9505,AP,ID
9506,UE,ID
9507,BR,ID
9508,AS,RG
9509,RJ,RG
9510,GJ,RG
9511,MH,E
9512,GJ,E
9513,KN,E
9514,TN,E
9515,AP,E
9516,KL,E
9517,PB,E
9518,HR,E
9519,UE,E
9520,UW,E
9521,RJ,E
9522,MP,E
9523,BR,E
9524,TN,AC
9525,BR,ID
9526,KL,ID
9527,MH,ID
9528,UW,RG
9529,RJ,RG
9532,UE,BS
9533,AP,RG
9534,BR,VF
9535,KN,AT
9536,UW,VF
9537,GJ,VF
9538,KN,VF
9539,KL,VF
9540,DL,ID
9541,HR,RG
9542,AP,ID
9543,TN,RG
9544,KL,ID
9545,MH,VF
9546,BR,AT
9547,WB,AT
9548,UW,RG
9549,RJ,VF
9550,AP,AT
9551,CH,AC
9552,MH,ID
9553,AP,ID
9554,UE,VF
9555,DL,RG
9556,OR,AT
9557,UW,AT
9558,GJ,AT
9559,UE,AT
9560,DL,AT
9561,MH,AT
9562,KL,ID
9563,WB,AC
9564,WB,VF
9565,UE,VF
9566,TN,AT
9567,KL,AT
9568,UW,ID
9569,PB,RG
9570,BR,VF
9571,RJ,AT
9572,BR,AT
9573,AP,AT
9574,GJ,ID
9575,MP,ID
9576,BR,ID
9577,AS,AC
9578,TN,AC
9579,MH,RG
9580,UE,RG
9581,AP,VF
9582,DL,VF
9583,OR,VF
9584,MP,VF
9585,TN,VF
9586,GJ,VF
9587,RJ,VF
9588,MU,E
9589,MP,AT
9590,KN,RG
9591,KN,AT
9592,PB,ID
9593,WB,VF
9594,MU,ID
9595,MH,RG
9596,JK,AT
9597,TN,AT
9598,UE,ID
9599,DL,E
9600,TN,AT
9601,GJ,AT
9602,RJ,AT
9603,AP,ID
9604,MH,ID
9605,KL,ID
9606,NE,RG
9607,AS,RG
9608,BR,RG
9609,WB,VF
9610,RJ,VF
9611,KN,AT
9612,NE,AT
9613,AS,AC
9614,WB,AC
9615,NE,AC
9616,UE,ID
9617,MP,ID
9618,AP,AT
9619,MU,VF
9620,KN,VF
9621,UE,AT
9622,JK,AT
9623,MH,ID
9624,GJ,ID
9625,HP,RG
9626,TN,VF
9627,UW,VF
9628,UE,VF
9629,TN,AT
9630,MP,AT
9631,BR,AT
9632,KN,AT
9633,KL,AT
9634,UW,AT
9635,WB,AT
9636,RJ,AT
9637,MH,VF
9638,GJ,VF
9639,UW,ID
9640,AP,ID
9641,WB,RG
9642,AP,VF
9645,KL,VF
9646,PB,VF
9647,WB,VF
9648,UE,VF
9649,RJ,VF
9650,DL,AT
9651,UE,AT
9652,AP,AT
9653,PB,VC
9654,DL,VF
9655,TN,VF
9656,KL,ID
9657,MH,ID
9658,OR,AC
9659,TN,AC
9660,RJ,AT
9661,BR,AT
9662,GJ,AT
9663,KN,AT
9664,MU,LO
9665,MH,AT
9666,AP,ID
9667,RJ,MS
9668,OR,AT
9669,MP,ID
9670,UE,VF
9671,HR,VF
9672,RJ,VF
9673,MH,VF
9674,KO,VF
9675,UW,VF
9676,AP,AT
9677,TN,AT
9678,AS,AT
9679,WB,AT
9680,RJ,AT
9681,KO,RG
9682,UW,BS
9683,HR,BS
9684,MH,BS
9685,MP,AT
9686,KN,AT
9687,GJ,VF
9688,TN,AC
9689,MH,ID
9690,UW,ID
9691,MP,RG
9692,OR,RG
9693,BR,RG
9694,RJ,ID
9695,UE,AT
9696,UE,RG
9697,JK,AC
9698,TN,AC
9699,MU,RG
9700,AP,AC
9701,AP,AT
9702,MU,ID
9703,AP,VF
9704,AP,AT
9705,AP,ID
9706,AS,VF
9707,AS,RG
9708,BR,ID
9709,BR,VF
9710,CH,AC
9711,DL,VF
9712,GJ,VF
9713,MP,VF
9714,GJ,ID
9715,TN,AC
9716,DL,AC
9717,DL,AT
9718,DL,ID
9719,UW,VF
9720,UW,VF
9721,UE,VF
9722,GJ,AC
9723,GJ,ID
9724,GJ,AT
9725,GJ,AT
9726,GJ,VF
9727,GJ,VF
9728,HR,ID
9729,HR,AT
9730,MH,AT
9731,KN,AT
9732,WB,VF
9733,WB,VF
9734,WB,VF
9735,WB,VF
9736,HP,VF
9737,GJ,ID
9738,KN,AC
9739,KN,VF
9740,KN,AT
9741,KN,AT
9742,KN,VF
9743,KN,ID
9744,KL,ID
9745,KL,VF
9746,KL,AT
9747,KL,ID
9748,KO,AT
9749,WB,RG
9750,TN,AC
9751,TN,VF
9752,MP,AT
9753,MP,ID
9754,MP,ID
9755,MP,AT
9756,UW,ID
9757,MU,MT
9758,UW,VF
9759,UW,VF
9760,UW,AT
9761,UW,VF
9762,MH,AC
9763,MH,ID
9764,MH,VF
9765,MH,VF
9766,MH,AT
9767,MH,ID
9768,MU,AC
9769,MU,VF
9770,MP,RG
9771,BR,AT
9772,RJ,VF
9773,MU,LO
9774,NE,VF
9775,WB,VF
9776,OR,VF
9777,OR,AT
9778,OR,RG
9779,PB,AT
9780,PB,VF
9781,PB,ID
9782,RJ,AC
9783,RJ,VF
9784,RJ,AT
9785,RJ,ID
9786,TN,VF
9787,TN,VF
9788,TN,AC
9789,TN,AT
9790,TN,AT
9791,TN,AT
9792,UE,VF
9793,UE,AT
9794,UE,AT
9795,UE,ID
9796,JK,VF
9797,JK,AT
9798,BR,RG
9799,RJ,AT
9800,WB,AT
9801,BR,AT
9802,HR,AC
9803,PB,AC
9804,KO,AC
9805,HP,AT
9806,MP,AC
9807,UE,AC
9808,UW,AC
9809,KL,AC
9810,DL,AT
9811,DL,VF
9812,HR,ID
9813,HR,VF
9814,PB,ID
9815,PB,AT
9816,HP,AT
9817,HP,RG
9818,DL,AT
9819,MU,VF
9820,MU,VF
9821,MU,LO
9822,MH,ID
9823,MH,VF
9824,GJ,ID
9825,GJ,VF
9826,MP,ID
9827,MP,RG
9828,RJ,VF
9829,RJ,AT
9830,KO,VF
9831,KO,AT
9832,WB,RG
9833,MU,VF
9835,BR,RG
9836,KO,VF
9837,UW,ID
9838,UE,VF
9839,UE,VF
9840,CH,AT
9841,CH,AC
9842,TN,AC
9843,TN,VF
9844,KN,ID
9845,KN,AT
9846,KL,VF
9847,KL,ID
9848,AP,ID
9849,AP,AT
9850,MH,ID
9851,WB,AC
9852,BR,AC
9853,OR,AC
9854,AS,AC
9855,PB,ID
9856,NE,AC
9857,HP,AC
9858,JK,AC
9859,AS,AC
9860,MH,AT
9861,OR,RG
9862,NE,AT
9863,NE,RG
9864,AS,RG
9865,TN,AC
9866,AP,AT
9867,MU,AT
9868,DL,MT
9869,MU,MT
9870,MU,LO
9871,DL,AT
9872,PB,AT
9873,DL,VF
9874,KO,VF
9875,RJ,MS
9876,PB,AT
9877,PB,VC
9878,PB,AT
9879,GJ,VF
9880,KN,AT
9881,MH,ID
9882,HP,ID
9883,KO,RG
9884,CH,VF
9885,AP,VF
9886,KN,VF
9887,RJ,ID
9888,PB,VF
9889,UE,ID
9890,MH,AT
9891,DL,ID
9892,MU,AT
9893,MP,AT
9894,TN,AT
9895,KL,AT
9896,HR,AT
9897,UW,AT
9898,GJ,AT
9899,DL,VF
9900,KN,AT
9901,KN,AT
9902,KN,AT
9903,KO,AT
9904,GJ,ID
9905,BR,RG
9906,JK,AT
9907,MP,RG
9908,AP,AT
9909,GJ,VF
9910,DL,AT
9911,DL,ID
9912,AP,ID
9913,GJ,VF
9914,PB,ID
9915,PB,AT
9916,KN,VF
9917,UW,ID
9918,UE,VF
9919,UE,VF
9920,MU,VF
9921,MH,ID
9922,MH,ID
9923,MH,VF
9924,GJ,ID
9925,GJ,VF
9926,MP,ID
9927,UW,ID
9928,RJ,AT
9929,RJ,AT
9930,MU,VF
9931,BR,AT
9932,WB,AT
9933,WB,AT
9934,BR,AT
9935,UE,AT
9936,UE,AT
9937,OR,AT
9938,OR,AT
9939,BR,AT
9940,CH,AT
9941,CH,AC
9942,TN,AC
9943,TN,VF
9944,TN,AT
9945,KN,AT
9946,KL,VF
9947,KL,ID
9948,AP,ID
9949,AP,AT
9950,RJ,AT
9951,AP,ID
9952,TN,AT
9953,DL,VF
9954,AS,AT
9955,BR,AT
9956,UE,AT
9957,AS,AT
9958,DL,AT
9959,AP,AT
9960,MH,AT
9961,KL,ID
9962,CH,VF
9963,AP,AT
9964,KN,ID
9965,TN,AC
9966,AP,VF
9967,MU,AT
9968,DL,MT
9969,MU,MT
9970,MH,AT
9971,DL,AT
9972,KN,AT
9973,BR,AT
9974,GJ,AT
9975,MH,AT
9976,TN,AC
9977,MP,ID
9978,GJ,VF
9979,GJ,VF
9980,KN,AT
9981,MP,AT
9982,RJ,VF
9983,RJ,VF
9984,UE,VF
9985,AP,VF
9986,KN,VF
9987,MU,AT
9988,PB,VF
9989,AP,AT
9990,DL,ID
9991,HR,VF
9992,HR,ID
9993,MP,AT
9994,TN,AT
9995,KL,AT
9996,HR,AT
9997,UW,AT
9998,GJ,AT
9999,DL,VF
92640,TN,TI
92641,TN,TI
92642,TN,TI
92643,TN,TI
92644,TN,TI
92645,WB,TI
92646,WB,TI
92647,WB,TI
92648,WB,TI
92649,WB,TI
94680,HR,BS
94681,HR,BS
94682,HR,BS
94683,HR,BS
94684,HR,BS
94685,RJ,BS
94686,RJ,BS
94687,RJ,BS
94688,RJ,BS
94689,RJ,BS
94730,BR,BS
94731,BR,BS
94732,BR,BS
94733,BR,BS
94734,BR,BS
94735,UE,BS
94736,UE,BS
94737,UE,BS
94738,UE,BS
94739,UE,BS
94760,WB,BS
94761,WB,BS
94762,WB,BS
94763,WB,BS
94764,WB,BS
94765,AS,BS
94766,AS,BS
94767,AS,BS
94768,AS,BS
94769,AS,BS
95300,RJ,BS
95301,RJ,BS
95302,RJ,BS
95303,RJ,BS
95304,RJ,BS
95305,PB,BS
95306,PB,BS
95307,PB,BS
95308,PB,BS
95309,PB,BS
95310,AS,BS
95311,AS,BS
95312,AS,BS
95313,AS,BS
95314,AS,BS
95315,WB,BS
95316,WB,BS
95317,WB,BS
95318,WB,BS
95319,WB,BS
78000,UE,VF
78001,UE,VF
78002,UE,VF
78003,UE,VF
78004,UE,VF
78005,UE,VF
78006,UE,VF
78007,UE,VF
78008,UE,VF
78009,UE,VF
78070,HP,Q
78071,HP,Q
78072,HP,Q
78073,HP,Q
78074,HP,Q
78075,HP,Q
78076,HP,Q
78077,HP,Q
78078,HP,Q
78079,HP,Q
78080,BR,Q
78081,BR,Q
78082,BR,Q
78083,BR,Q
78084,BR,Q
78085,BR,Q
78086,BR,Q
78087,BR,Q
78088,BR,Q
78089,BR,Q
78090,OR,Q
78091,OR,Q
78092,OR,Q
78093,OR,Q
78094,OR,Q
78095,OR,Q
78096,OR,Q
78097,OR,Q
78098,OR,Q
78099,OR,Q
78140,PB,RG
78141,PB,RG
78142,PB,RG
78143,PB,RG
78144,PB,RG
78145,PB,RG
78146,PB,RG
78147,PB,RG
78148,PB,RG
78149,PB,RG
78270,DL,RG
78271,DL,RG
78272,DL,RG
78273,DL,RG
78274,DL,RG
78275,DL,RG
78276,DL,RG
78277,DL,RG
78278,DL,RG
78279,DL,RG
78280,MP,RG
78281,MP,RG
78282,MP,RG
78283,MP,RG
78284,MP,RG
78285,MP,RG
78286,MP,RG
78287,MP,RG
78288,MP,RG
78289,MP,RG
78290,KN,VF
78291,KN,VF
78292,KN,VF
78293,KN,VF
78294,KN,VF
78295,KN,VF
78296,KN,VF
78297,KN,VF
78298,KN,VF
78299,KN,VF
78300,UW,VF
78301,UW,VF
78302,UW,VF
78303,UW,VF
78304,UW,VF
78305,UW,VF
78306,UW,VF
78307,UW,VF
78308,UW,VF
78309,UW,VF
78370,PB,VF
78371,PB,VF
78372,PB,VF
78373,PB,VF
78374,PB,VF
78375,PB,VF
78376,PB,VF
78377,PB,VF
78378,PB,VF
78379,PB,VF
78380,DL,VF
78381,DL,VF
78382,DL,VF
78383,DL,VF
78384,DL,VF
78385,DL,VF
78386,DL,VF
78387,DL,VF
78388,DL,VF
78389,DL,VF
78390,UE,BS
78391,UE,BS
78392,UE,BS
78393,UE,BS
78394,UE,BS
78395,UE,BS
78396,UE,BS
78397,UE,BS
78398,UE,BS
78399,UE,BS
78420,AP,TD
78421,AP,TD
78422,AP,TD
78423,AP,TD
78424,AP,TD
78425,AP,TD
78426,AP,TD
78427,AP,TD
78428,AP,TD
78429,AP,TD
78438,UE,AC
78439,UE,AC
78440,UE,AC
78448,UE,AC
78449,UE,AC
78450,TN,TD
78451,TN,TD
78452,TN,TD
78453,TN,TD
78454,TN,TD
78455,TN,TD
78456,TN,TD
78457,TN,TD
78458,TN,TD
78459,TN,TD
78460,KN,RG
78468,KN,RG
78469,KN,RG
78470,KN,RG
78478,KN,RG
78479,KN,RG
78480,KN,RG
78488,KN,RG
78489,KN,RG
78490,KN,RG
78498,UE,RG
78499,UE,RG
78500,UE,RG
78508,UE,RG
78509,UE,RG
78510,UE,RG
78518,UE,RG
78519,UE,RG
78520,UE,RG
78528,UE,RG
78529,OR,RG
78530,OR,RG
78538,OR,RG
78539,OR,RG
78540,OR,RG
78548,OR,RG
78549,OR,RG
78550,OR,RG
78558,OR,RG
78559,OR,RG
78560,BR,RG
78568,BR,RG
78569,BR,RG
78570,BR,RG
78578,BR,RG
78579,BR,RG
78580,BR,RG
78588,BR,RG
78589,BR,RG
78590,BR,RG
78598,DL,RG
78599,DL,RG
78600,UE,ID
78601,UE,ID
78602,UE,ID
78603,UE,ID
78604,UE,ID
78605,UE,ID
78606,UE,ID
78607,UE,ID
78608,UE,ID
78609,UE,ID
78610,DL,RG
78618,DL,RG
78619,DL,RG
78620,DL,RG
78628,DL,RG
78629,DL,RG
78630,DL,RG
78638,DL,RG
78639,WB,RG
78640,WB,RG
78648,WB,RG
78649,WB,RG
78650,WB,RG
78658,WB,RG
78659,WB,RG
78660,WB,RG
78668,WB,RG
78669,WB,RG
78670,TN,VF
78678,TN,VF
78679,TN,VF
78680,TN,VF
78688,TN,VF
78689,TN,VF
78690,MP,AT
78691,MP,AT
78692,MP,AT
78693,MP,AT
78694,MP,AT
78695,MP,AT
78696,MP,AT
78697,MP,AT
78698,MP,AT
78699,MP,AT
78700,BR,UN
78701,BR,UN
78702,BR,UN
78703,BR,UN
78704,BR,UN
78705,BR,UN
78706,BR,UN
78707,BR,UN
78708,BR,UN
78709,BR,UN
78710,TN,UN
78711,TN,UN
78712,TN,UN
78713,TN,UN
78714,TN,UN
78715,TN,UN
78716,TN,UN
78717,TN,UN
78718,TN,UN
78719,TN,UN
78720,WB,VF
78721,WB,VF
78722,WB,VF
78723,WB,VF
78724,WB,VF
78725,WB,VF
78726,WB,VF
78727,WB,VF
78728,WB,VF
78729,WB,VF
78730,OR,VF
78731,OR,VF
78732,OR,VF
78733,OR,VF
78734,OR,VF
78735,OR,VF
78736,OR,VF
78737,OR,VF
78738,OR,VF
78739,OR,VF
78740,GJ,VF
78741,GJ,VF
78742,GJ,VF
78743,GJ,VF
78744,GJ,VF
78745,GJ,VF
78746,GJ,VF
78747,GJ,VF
78748,GJ,VF
78749,GJ,VF
78750,MH,VF
78751,MH,VF
78752,MH,VF
78753,MH,VF
78754,MH,VF
78755,MH,VF
78756,MH,VF
78757,MH,VF
78758,MH,VF
78759,MH,VF
78760,HR,RG
78761,HR,RG
78762,HR,RG
78763,HR,RG
78764,HR,RG
78765,HR,RG
78766,HR,RG
78767,HR,RG
78768,HR,RG
78769,HR,RG
78770,RJ,RG
78771,RJ,RG
78772,RJ,RG
78773,RJ,RG
78774,RJ,RG
78775,RJ,RG
78776,RJ,RG
78777,RJ,RG
78778,RJ,RG
78779,RJ,RG
78780,GJ,RG
78781,GJ,RG
78782,GJ,RG
78783,GJ,RG
78784,GJ,RG
78785,GJ,RG
78786,GJ,RG
78787,GJ,RG
78788,GJ,RG
78789,GJ,RG
78790,MP,RG
78791,MP,RG
78792,MP,RG
78793,MP,RG
78794,MP,RG
78795,MP,RG
78796,MP,RG
78797,MP,RG
78798,MP,RG
78799,MP,RG
78900,KO,ID
78901,KO,ID
78902,KO,ID
78903,KO,ID
78904,KO,ID
78905,KO,ID
78906,KO,ID
78907,KO,ID
78908,KO,ID
78909,KO,ID
78910,RJ,ID
78911,RJ,ID
78912,RJ,ID
78913,RJ,ID
78914,RJ,ID
78915,RJ,ID
78916,RJ,ID
78917,RJ,ID
78918,RJ,ID
78919,RJ,ID
78930,AP,AT
78931,AP,AT
78932,AP,AT
78933,AP,AT
78934,AP,AT
78935,AP,AT
78936,AP,AT
78937,AP,AT
78938,AP,AT
78939,AP,AT
78940,OR,AT
78941,OR,AT
78942,OR,AT
78943,OR,AT
78944,OR,AT
78945,OR,AT
78946,OR,AT
78947,OR,AT
78948,OR,AT
78949,OR,AT
78950,UW,AT
78951,UW,AT
78952,UW,AT
78953,UW,AT
78954,UW,AT
78955,UW,AT
78956,UW,AT
78957,UW,AT
78958,UW,AT
78959,UW,AT
78960,AS,AT
78961,AS,AT
78962,AS,AT
78963,AS,AT
78964,AS,AT
78965,AS,AT
78966,AS,AT
78967,AS,AT
78968,AS,AT
78969,AS,AT
78970,UE,AT
78971,UE,AT
78972,UE,AT
78973,UE,AT
78974,UE,AT
78975,UE,AT
78976,UE,AT
78977,UE,AT
78978,UE,AT
78979,UE,AT
78980,MP,AT
78981,MP,AT
78982,MP,AT
78983,MP,AT
78984,MP,AT
78985,MP,AT
78986,MP,AT
78987,MP,AT
78988,MP,AT
78989,MP,AT
78990,KN,UN
78991,KN,UN
78992,KN,UN
78993,KN,UN
78994,KN,UN
78995,KN,UN
78996,KN,UN
78997,KN,UN
78998,KN,UN
78999,KN,UN
81000,KO,RG
81001,KO,RG
81002,KO,RG
81003,KO,RG
81004,KO,RG
81005,KO,RG
81006,KO,RG
81007,KO,RG
81008,KO,RG
81009,KO,RG
81010,WB,RG
81011,WB,RG
81012,WB,RG
81013,WB,RG
81014,WB,RG
81015,WB,RG
81016,WB,RG
81017,WB,RG
81018,WB,RG
81019,WB,RG
81020,BR,RG
81021,BR,RG
81022,BR,RG
81023,BR,RG
81024,BR,RG
81025,BR,RG
81026,BR,RG
81027,BR,RG
81028,BR,RG
81029,BR,RG
81030,MP,RG
81031,MP,RG
81032,MP,RG
81033,MP,RG
81034,MP,RG
81035,MP,RG
81036,MP,RG
81037,MP,RG
81038,MP,RG
81039,MP,RG
81040,RJ,MS
81041,RJ,MS
81042,RJ,MS
81043,RJ,MS
81044,RJ,MS
81045,RJ,MS
81046,RJ,MS
81047,RJ,MS
81048,RJ,MS
81049,RJ,MS
81050,KN,AT
81051,KN,AT
81052,KN,AT
81053,KN,AT
81054,KN,AT
81055,KN,AT
81056,KN,AT
81057,KN,AT
81058,KN,AT
81059,KN,AT
81060,AP,AT
81061,AP,AT
81062,AP,AT
81063,AP,AT
81064,AP,AT
81065,AP,AT
81066,AP,AT
81067,AP,AT
81068,AP,AT
81069,AP,AT
81070,RJ,AT
81071,RJ,AT
81072,RJ,AT
81073,RJ,AT
81074,RJ,AT
81075,RJ,AT
81076,RJ,AT
81077,RJ,AT
81078,RJ,AT
81079,RJ,AT
81080,MU,ID
81081,MU,ID
81082,MU,ID
81083,MU,ID
81084,MU,ID
81085,MU,ID
81086,MU,ID
81087,MU,ID
81088,MU,ID
81089,MU,ID
81090,MP,TD
81091,MP,TD
81092,MP,TD
81093,MP,TD
81094,MP,TD
81095,MP,TD
81096,MP,TD
81097,MP,TD
81098,MP,TD
81099,MP,TD
81100,TN,VF
81108,TN,VF
81109,TN,VF
81110,TN,VF
81118,KL,ID
81119,KL,ID
81130,KL,ID
81138,KL,ID
81139,KL,ID
81150,UE,UN
81151,UE,UN
81152,UE,UN
81153,UE,UN
81154,UE,UN
81155,UE,UN
81156,UE,UN
81157,UE,UN
81158,UE,UN
81159,UE,UN
81160,WB,AT
81161,WB,AT
81162,WB,AT
81163,WB,AT
81164,WB,AT
81165,WB,AT
81166,WB,AT
81167,WB,AT
81168,WB,AT
81169,WB,AT
81170,OR,UN
81178,OR,UN
81179,OR,UN
81180,OR,UN
81188,OR,UN
81189,NE,AT
81190,NE,AT
81198,NE,AT
81199,NE,AT
81200,MP,ID
81201,MP,ID
81202,MP,ID
81203,MP,ID
81204,MP,ID
81205,MP,ID
81206,MP,ID
81207,MP,ID
81208,MP,ID
81209,MP,ID
81210,AP,TD
81211,AP,TD
81212,AP,TD
81213,AP,TD
81214,AP,TD
81215,AP,TD
81216,AP,TD
81217,AP,TD
81218,AP,TD
81219,AP,TD
81220,TN,TD
81221,TN,TD
81222,TN,TD
81223,TN,TD
81224,TN,TD
81225,TN,TD
81226,TN,TD
81227,TN,TD
81228,TN,TD
81229,TN,TD
81230,KN,TD
81231,KN,TD
81232,KN,TD
81233,KN,TD
81234,KN,TD
81235,KN,TD
81236,KN,TD
81237,KN,TD
81238,KN,TD
81239,KN,TD
81240,TN,ID
81241,TN,ID
81242,TN,ID
81243,TN,ID
81244,TN,ID
81245,TN,ID
81246,TN,ID
81247,TN,ID
81248,TN,ID
81249,TN,ID
81250,AP,TD
81251,AP,TD
81252,AP,TD
81253,AP,TD
81254,AP,TD
81255,AP,TD
81256,AP,TD
81257,AP,TD
81258,AP,TD
81259,AP,TD
81260,UW,AT
81261,UW,AT
81262,UW,AT
81263,UW,AT
81264,UW,AT
81265,UW,AT
81266,UW,AT
81267,UW,AT
81268,UW,AT
81269,UW,AT
81270,UE,AT
81271,UE,AT
81272,UE,AT
81273,UE,AT
81274,UE,AT
81275,UE,AT
81276,UE,AT
81277,UE,AT
81278,UE,AT
81279,UE,AT
81280,GJ,AT
81281,GJ,AT
81282,GJ,AT
81283,GJ,AT
81284,GJ,AT
81285,GJ,AT
81286,GJ,AT
81287,GJ,AT
81288,GJ,AT
81289,GJ,AT
81290,KL,AT
81291,KL,AT
81292,KL,AT
81293,KL,AT
81294,KL,AT
81295,KL,AT
81296,KL,AT
81297,KL,AT
81298,KL,AT
81299,KL,AT
81300,DL,AT
81301,DL,AT
81302,DL,AT
81303,DL,AT
81304,DL,AT
81305,DL,AT
81306,DL,AT
81307,DL,AT
81308,DL,AT
81309,DL,AT
81310,NE,AT
81318,NE,AT
81319,NE,AT
81320,NE,AT
81328,NE,AT
81329,NE,AT
81330,AS,AT
81338,AS,AT
81339,AS,AT
81340,AS,AT
81348,AS,AT
81349,AS,AT
81350,AS,AT
81358,AS,AT
81359,AS,AT
81360,AS,AT
81368,KL,AT
81369,KL,AT
81370,KL,AT
81378,KL,AT
81379,KL,AT
81380,KL,AT
81388,KL,AT
81389,KL,AT
81390,KL,AT
81398,KL,AT
81399,KN,ID
81400,GJ,ID
81401,GJ,ID
81402,GJ,ID
81403,GJ,ID
81404,GJ,ID
81405,GJ,ID
81406,GJ,ID
81407,GJ,ID
81408,GJ,ID
81409,GJ,ID
81410,GJ,VF
81411,GJ,VF
81412,GJ,VF
81413,GJ,VF
81414,GJ,VF
81415,GJ,VF
81416,GJ,VF
81417,GJ,VF
81418,GJ,VF
81419,GJ,VF
81420,AP,VF
81421,AP,VF
81422,AP,VF
81423,AP,VF
81424,AP,VF
81425,AP,VF
81426,AP,VF
81427,AP,VF
81428,AP,VF
81429,AP,VF
81430,AP,TD
81431,AP,TD
81432,AP,TD
81433,AP,TD
81434,AP,TD
81435,AP,TD
81436,AP,TD
81437,AP,TD
81438,AP,TD
81439,AP,TD
81440,TN,RG
81441,TN,RG
81442,TN,RG
81443,TN,RG
81444,TN,RG
81445,TN,RG
81446,TN,RG
81447,TN,RG
81448,TN,RG
81449,TN,RG
81450,WB,VF
81451,WB,VF
81452,WB,VF
81453,WB,VF
81454,WB,VF
81455,WB,VF
81456,WB,VF
81457,WB,VF
81458,WB,VF
81459,WB,VF
81460,PB,AT
81461,PB,AT
81462,PB,AT
81463,PB,AT
81464,PB,AT
81465,PB,AT
81466,PB,AT
81467,PB,AT
81468,PB,AT
81469,PB,AT
81470,KN,TD
81471,KN,TD
81472,KN,TD
81473,KN,TD
81474,KN,TD
81475,KN,TD
81476,KN,TD
81477,KN,TD
81478,KN,TD
81479,KN,TD
81480,TN,TD
81481,TN,TD
81482,TN,TD
81483,TN,TD
81484,TN,TD
81485,TN,TD
81486,TN,TD
81487,TN,TD
81488,TN,TD
81489,TN,TD
81490,MH,TD
81491,MH,TD
81492,MH,TD
81493,MH,TD
81494,MH,TD
81495,MH,TD
81496,MH,TD
81497,MH,TD
81498,MH,TD
81499,MH,TD
81500,KN,ID
81508,KN,ID
81509,KN,ID
81510,KN,ID
81518,KN,ID
81519,KN,ID
81520,KN,ID
81528,KN,ID
81529,KN,ID
81530,GJ,ID
81538,GJ,ID
81539,GJ,ID
81540,GJ,ID
81548,GJ,ID
81549,GJ,ID
81550,GJ,ID
81558,GJ,ID
81559,GJ,ID
81560,GJ,ID
81568,KL,ID
81569,KL,ID
81570,KL,ID
81578,KL,ID
81579,KL,ID
81580,WB,AT
81588,WB,AT
81589,WB,AT
81590,WB,AT
81598,WB,AT
81599,WB,AT
81700,WB,AT
81708,WB,AT
81709,WB,AT
81710,UW,AT
81711,UW,AT
81712,UW,AT
81713,UW,AT
81714,UW,AT
81715,UW,AT
81716,UW,AT
81717,UW,AT
81718,UW,AT
81719,UW,AT
81720,WB,AT
81728,UE,AT
81729,UE,AT
81730,UE,AT
81738,UE,AT
81739,UE,AT
81740,UE,AT
81748,UE,AT
81749,UE,AT
81750,UE,AT
81758,UE,AT
81759,UE,TD
81760,UE,TD
81768,UE,TD
81769,UE,TD
81770,UE,TD
81778,MH,UN
81779,MH,UN
81790,AP,AT
81791,AP,AT
81792,AP,AT
81793,AP,AT
81794,AP,AT
81795,AP,AT
81796,AP,AT
81797,AP,AT
81798,AP,AT
81799,AP,AT
81800,MH,UN
81808,MH,UN
81809,MH,UN
81810,UE,AC
81818,UE,AC
81819,UE,AC
81820,UE,AC
81828,UE,AC
81829,KN,MS
81830,KN,MS
81838,KN,MS
81839,KN,MS
81840,KN,MS
81848,AP,ID
81849,AP,ID
81850,AP,ID
81858,AP,ID
81859,AP,ID
81860,AP,ID
81868,AP,ID
81869,AP,ID
81870,AP,ID
81878,AP,ID
81879,UE,TD
81880,UE,TD
81888,UE,TD
81889,UE,TD
81890,UE,TD
81898,TN,ID
81899,TN,ID
81900,TN,ID
81908,TN,ID
81909,TN,ID
81910,UW,ID
81918,UW,ID
81919,UW,ID
81920,UW,ID
81928,UW,ID
81929,UW,ID
81930,UW,ID
81938,UW,ID
81939,UW,ID
81940,UW,ID
81948,PB,ID
81949,PB,ID
81950,PB,ID
81958,PB,ID
81959,PB,ID
81960,PB,ID
81968,PB,ID
81969,PB,ID
81970,KN,AT
81971,KN,AT
81972,KN,AT
81973,KN,AT
81974,KN,AT
81975,KN,AT
81976,KN,AT
81977,KN,AT
81978,KN,AT
81979,KN,AT
81980,PB,ID
81988,PB,ID
81989,HR,ID
81990,HR,ID
81998,HR,ID
81999,HR,ID
82200,TN,AT
82201,TN,AT
82202,TN,AT
82203,TN,AT
82204,TN,AT
82205,TN,AT
82206,TN,AT
82207,TN,AT
82208,TN,AT
82209,TN,AT
82210,HR,ID
82218,HR,ID
82219,HR,ID
82220,HR,ID
82228,HR,ID
82229,HR,ID
82230,MP,ID
82238,MP,ID
82239,MP,ID
82240,MP,ID
82248,MP,ID
82249,MP,ID
82250,MP,ID
82258,MP,ID
82259,MP,ID
82260,MP,ID
82268,BR,ID
82269,BR,ID
82270,BR,ID
82278,BR,ID
82279,BR,ID
82280,BR,ID
82288,BR,ID
82289,BR,ID
82290,BR,ID
82298,BR,ID
82299,KO,RG
82300,KO,RG
82308,KO,RG
82309,KO,RG
82310,KO,RG
82318,KO,RG
82319,KO,RG
82320,KO,RG
82328,KO,RG
82329,KO,RG
82330,RJ,TD
82331,RJ,TD
82332,RJ,TD
82333,RJ,TD
82334,RJ,TD
82335,RJ,TD
82336,RJ,TD
82337,RJ,TD
82338,RJ,TD
82339,RJ,TD
82340,MP,RG
82348,MP,RG
82349,MP,RG
82350,BR,TD
82351,BR,TD
82352,BR,TD
82353,BR,TD
82354,BR,TD
82355,BR,TD
82356,BR,TD
82357,BR,TD
82358,BR,TD
82359,BR,TD
82360,MP,RG
82368,MP,RG
82369,MP,RG
82370,MH,TD
82371,MH,TD
82372,MH,TD
82373,MH,TD
82374,MH,TD
82375,MH,TD
82376,MH,TD
82377,MH,TD
82378,MH,TD
82379,MH,TD
82380,GJ,VF
82381,GJ,VF
82382,GJ,VF
82383,GJ,VF
82384,GJ,VF
82385,GJ,VF
82386,GJ,VF
82387,GJ,VF
82388,GJ,VF
82389,GJ,VF
82390,RJ,VF
82391,RJ,VF
82392,RJ,VF
82393,RJ,VF
82394,RJ,VF
82395,RJ,VF
82396,RJ,VF
82397,RJ,VF
82398,RJ,VF
82399,RJ,VF
82510,MP,RG
82518,MP,RG
82519,MP,RG
82520,BR,RG
82521,BR,RG
82522,BR,RG
82523,BR,RG
82524,BR,RG
82525,BR,RG
82526,BR,RG
82527,BR,RG
82528,BR,RG
82529,BR,RG
82530,MP,RG
82538,AS,RG
82539,AS,RG
82540,AS,RG
82548,AS,RG
82549,AS,RG
82550,AS,RG
82558,AS,RG
82559,AS,RG
82560,AS,RG
82568,AS,RG
82569,NE,VF
82570,NE,VF
82578,NE,VF
82579,NE,VF
82580,NE,VF
82588,NE,VF
82589,NE,VF
82590,NE,VF
82598,NE,VF
82599,NE,VF
82600,OR,RG
82601,OR,RG
82602,OR,RG
82603,OR,RG
82604,OR,RG
82605,OR,RG
82606,OR,RG
82607,OR,RG
82608,OR,RG
82609,OR,RG
82610,HP,RG
82618,HP,RG
82619,HP,RG
82620,HP,RG
82628,HP,RG
82629,HP,RG
82630,HP,RG
82638,HP,RG
82639,HP,RG
82640,GJ,VC
82641,GJ,VC
82642,GJ,VC
82643,GJ,VC
82644,GJ,VC
82645,GJ,VC
82646,GJ,VC
82647,GJ,VC
82648,GJ,VC
82649,GJ,VC
82650,HP,RG
82658,UW,TD
82659,UW,TD
82660,UW,TD
82668,UW,TD
82669,UW,TD
82670,UW,TD
82678,UW,TD
82679,UW,TD
82680,MU,VC
82681,MU,VC
82682,MU,VC
82683,MU,VC
82684,MU,VC
82685,MU,VC
82686,MU,VC
82687,MU,VC
82688,MU,VC
82689,MU,VC
82690,MP,VC
82691,MP,VC
82692,MP,VC
82693,MP,VC
82694,MP,VC
82695,MP,VC
82696,MP,VC
82697,MP,VC
82698,MP,VC
82699,MP,VC
82700,OR,UN
82701,OR,UN
82702,OR,UN
82703,OR,UN
82704,OR,UN
82705,OR,UN
82706,OR,UN
82707,OR,UN
82708,OR,UN
82709,OR,UN
82710,BR,UN
82711,BR,UN
82712,BR,UN
82713,BR,UN
82714,BR,UN
82715,BR,UN
82716,BR,UN
82717,BR,UN
82718,BR,UN
82719,BR,UN
82720,UW,TD
82728,UW,TD
82729,KO,TD
82730,UW,UN
82731,UW,UN
82732,UW,UN
82733,UW,UN
82734,UW,UN
82735,UW,UN
82736,UW,UN
82737,UW,UN
82738,UW,UN
82739,UW,UN
82740,KO,TD
82748,KO,TD
82749,KO,TD
82750,MH,BS
82751,MH,BS
82752,MH,BS
82753,MH,BS
82754,MH,BS
82755,MH,BS
82756,MH,BS
82757,MH,BS
82758,MH,BS
82759,MH,BS
82760,KO,TD
82768,KO,TD
82769,KO,TD
82770,KN,BS
82771,KN,BS
82772,KN,BS
82773,KN,BS
82774,KN,BS
82775,KN,BS
82776,KN,BS
82777,KN,BS
82778,KN,BS
82779,KN,BS
82780,HR,BS
82781,HR,BS
82782,HR,BS
82783,HR,BS
82784,HR,BS
82785,HR,BS
82786,HR,BS
82787,HR,BS
82788,HR,BS
82789,HR,BS
82790,RJ,BS
82791,RJ,BS
82792,RJ,BS
82793,RJ,BS
82794,RJ,BS
82795,RJ,BS
82796,RJ,BS
82797,RJ,BS
82798,RJ,BS
82799,RJ,BS
82800,OR,BS
82801,OR,BS
82802,OR,BS
82803,OR,BS
82804,OR,BS
82805,OR,BS
82806,OR,BS
82807,OR,BS
82808,OR,BS
82809,OR,BS
82810,KL,BS
82811,KL,BS
82812,KL,BS
82813,KL,BS
82814,KL,BS
82815,KL,BS
82816,KL,BS
82817,KL,BS
82818,KL,BS
82819,KL,BS
82820,KO,TD
82828,KO,TD
82829,KO,TD
82830,PB,AT
82838,PB,AT
82839,PB,AT
82840,PB,AT
82848,PB,AT
82849,PB,AT
82850,DL,AC
82851,DL,AC
82852,DL,AC
82853,DL,AC
82854,DL,AC
82855,DL,AC
82856,DL,AC
82857,DL,AC
82858,DL,AC
82859,DL,AC
82860,MU,AC
82861,MU,AC
82862,MU,AC
82863,MU,AC
82864,MU,AC
82865,MU,AC
82866,MU,AC
82867,MU,AC
82868,MU,AC
82869,MU,AC
82870,DL,RG
82871,DL,RG
82872,DL,RG
82873,DL,RG
82874,DL,RG
82875,DL,RG
82876,DL,RG
82877,DL,RG
82878,DL,RG
82879,DL,RG
82880,PB,AT
82888,PB,AT
82889,PB,AT
82890,PB,AT
82898,KL,BS
82899,KL,BS
82900,RJ,AT
82901,RJ,AT
82902,RJ,AT
82903,RJ,AT
82904,RJ,AT
82905,RJ,AT
82906,RJ,AT
82907,RJ,AT
82908,RJ,AT
82909,RJ,AT
82910,MU,UN
82911,MU,UN
82912,MU,UN
82913,MU,UN
82914,MU,UN
82915,MU,UN
82916,MU,UN
82917,MU,UN
82918,MU,UN
82919,MU,UN
82920,BR,AT
82921,BR,AT
82922,BR,AT
82923,BR,AT
82924,BR,AT
82925,BR,AT
82926,BR,AT
82927,BR,AT
82928,BR,AT
82929,BR,AT
82930,WB,TD
82931,WB,TD
82932,WB,TD
82933,WB,TD
82934,WB,TD
82935,WB,TD
82936,WB,TD
82937,WB,TD
82938,WB,TD
82939,WB,TD
82940,BR,AT
82941,BR,AT
82942,BR,AT
82943,BR,AT
82944,BR,AT
82945,BR,AT
82946,BR,AT
82947,BR,AT
82948,BR,AT
82949,BR,AT
82950,HR,AT
82951,HR,AT
82952,HR,AT
82953,HR,AT
82954,HR,AT
82955,HR,AT
82956,HR,AT
82957,HR,AT
82958,HR,AT
82959,HR,AT
82960,KO,UN
82961,KO,UN
82962,KO,UN
82963,KO,UN
82964,KO,UN
82965,KO,UN
82966,KO,UN
82967,KO,UN
82968,KO,UN
82969,KO,UN
82970,AP,VF
82971,AP,VF
82972,AP,VF
82973,AP,VF
82974,AP,VF
82975,AP,VF
82976,AP,VF
82977,AP,VF
82978,AP,VF
82979,AP,VF
82980,BR,VF
82981,BR,VF
82982,BR,VF
82983,BR,VF
82984,BR,VF
82985,BR,VF
82986,BR,VF
82987,BR,VF
82988,BR,VF
82989,BR,VF
83000,TN,BS
83001,TN,BS
83002,TN,BS
83003,TN,BS
83004,TN,BS
83005,TN,BS
83006,TN,BS
83007,TN,BS
83008,TN,BS
83009,TN,BS
83010,KL,BS
83018,KL,BS
83019,KL,BS
83020,RJ,RG
83021,RJ,RG
83022,RJ,RG
83023,RJ,RG
83024,RJ,RG
83025,RJ,RG
83026,RJ,RG
83027,RJ,RG
83028,RJ,RG
83029,RJ,RG
83030,UE,RG
83031,UE,RG
83032,UE,RG
83033,UE,RG
83034,UE,RG
83035,UE,RG
83036,UE,RG
83037,UE,RG
83038,UE,RG
83039,UE,RG
83040,KL,BS
83048,KL,BS
83049,KL,BS
83050,MP,RG
83051,MP,RG
83052,MP,RG
83053,MP,RG
83054,MP,RG
83055,MP,RG
83056,MP,RG
83057,MP,RG
83058,MP,RG
83059,MP,RG
83060,GJ,RG
83061,GJ,RG
83062,GJ,RG
83063,GJ,RG
83064,GJ,RG
83065,GJ,RG
83066,GJ,RG
83067,GJ,RG
83068,GJ,RG
83069,GJ,RG
83070,UW,RG
83071,UW,RG
83072,UW,RG
83073,UW,RG
83074,UW,RG
83075,UW,RG
83076,UW,RG
83077,UW,RG
83078,UW,RG
83079,UW,RG
83080,MH,ID
83081,MH,ID
83082,MH,ID
83083,MH,ID
83084,MH,ID
83085,MH,ID
83086,MH,ID
83087,MH,ID
83088,MH,ID
83089,MH,ID
83300,KL,BS
83308,KL,BS
83309,AP,BS
83310,AP,BS
83318,AP,BS
83319,AP,BS
83320,AP,BS
83328,AP,BS
83329,AP,BS
83330,AP,BS
83338,AP,BS
83339,AP,BS
83340,KO,VF
83348,KO,VF
83349,KO,VF
83350,KO,VF
83358,KO,VF
83359,KO,VF
83360,KO,VF
83368,KO,VF
83369,KO,VF
83370,KO,VF
83379,OR,VF
83380,OR,VF
83388,OR,VF
83389,OR,VF
83390,OR,VF
83398,OR,VF
83399,OR,VF
83410,AP,UN
83411,AP,UN
83412,AP,UN
83413,AP,UN
83414,AP,UN
83415,AP,UN
83416,AP,UN
83417,AP,UN
83418,AP,UN
83419,AP,UN
83420,OR,VF
83428,OR,VF
83429,OR,VF
83430,WB,ID
83438,WB,ID
83439,WB,ID
83440,TN,AC
83441,TN,AC
83442,TN,AC
83443,TN,AC
83444,TN,AC
83445,TN,AC
83446,TN,AC
83447,TN,AC
83448,TN,AC
83449,TN,AC
83450,WB,ID
83458,WB,ID
83459,WB,ID
83460,WB,ID
83468,WB,ID
83469,WB,ID
83470,GJ,ID
83471,GJ,ID
83472,GJ,ID
83473,GJ,ID
83474,GJ,ID
83475,GJ,ID
83476,GJ,ID
83477,GJ,ID
83478,GJ,ID
83479,GJ,ID
83480,WB,VF
83481,WB,VF
83482,WB,VF
83483,WB,VF
83484,WB,VF
83485,WB,VF
83486,WB,VF
83487,WB,VF
83488,WB,VF
83489,WB,VF
83490,MP,AT
83491,MP,AT
83492,MP,AT
83493,MP,AT
83494,MP,AT
83495,MP,AT
83496,MP,AT
83497,MP,AT
83498,MP,AT
83499,MP,AT
83500,WB,ID
83508,HP,ID
83509,HP,ID
83510,HP,ID
83518,HP,ID
83519,HP,ID
83520,HP,ID
83528,HP,ID
83529,HP,ID
83530,HP,ID
83538,HP,ID
83539,UE,UN
83540,UE,UN
83548,UE,UN
83549,UE,UN
83550,UE,UN
83558,MU,UN
83559,MU,UN
83560,MU,UN
83568,MU,UN
83569,MU,UN
83570,MP,VF
83578,MP,VF
83579,MP,VF
83580,MP,VF
83588,MP,VF
83589,MP,VF
83590,MP,VF
83598,MP,VF
83599,MP,VF
83700,MP,VF
83708,WB,VF
83709,WB,VF
83710,WB,VF
83718,WB,VF
83719,WB,VF
83720,WB,VF
83728,WB,VF
83729,WB,VF
83730,WB,VF
83738,WB,VF
83739,DL,VF
83740,AP,AT
83741,AP,AT
83742,AP,AT
83743,AP,AT
83744,AP,AT
83745,AP,AT
83746,AP,AT
83747,AP,AT
83748,AP,AT
83749,AP,AT
83750,DL,VF
83758,DL,VF
83759,DL,VF
83760,DL,VF
83768,DL,VF
83769,DL,VF
83770,DL,VF
83778,DL,VF
83779,DL,VF
83780,MH,ID
83788,MH,ID
83789,MH,ID
83790,MH,ID
83798,MH,ID
83799,MH,ID
83800,MH,ID
83808,MH,ID
83809,MH,ID
83810,MH,ID
83818,UE,UN
83819,UE,UN
83820,UE,UN
83828,UE,UN
83829,UE,UN
83830,MU,UN
83838,MU,UN
83839,MU,UN
83840,MU,UN
83848,MU,UN
83849,RJ,AC
83850,RJ,AC
83858,RJ,AC
83859,RJ,AC
83860,RJ,AC
83868,RJ,AC
83869,RJ,AC
83870,RJ,AC
83878,RJ,AC
83879,RJ,AC
83880,WB,RG
83888,WB,RG
83889,WB,RG
83890,WB,RG
83898,WB,RG
83899,WB,RG
83900,MH,VF
83901,MH,VF
83902,MH,VF
83903,MH,VF
83904,MH,VF
83905,MH,VF
83906,MH,VF
83907,MH,VF
83908,MH,VF
83909,MH,VF
83910,WB,RG
83918,WB,RG
83919,WB,RG
83920,WB,RG
83928,UW,VF
83929,UW,VF
83930,UW,VF
83938,UW,VF
83939,UW,VF
83940,UW,VF
83948,UW,VF
83949,UW,VF
83950,UW,VF
83958,UW,VF
83959,HR,VF
83960,HR,VF
83968,HR,VF
83969,HR,VF
83970,HR,VF
83978,HR,VF
83979,HR,VF
83980,HR,VF
83988,HR,VF
83989,HR,VF
83990,AS,VF
83998,AS,VF
83999,AS,VF
84000,UE,AT
84001,UE,AT
84002,UE,AT
84003,UE,AT
84004,UE,AT
84005,UE,AT
84006,UE,AT
84007,UE,AT
84008,UE,AT
84009,UE,AT
84010,GJ,UN
84011,GJ,UN
84012,GJ,UN
84013,GJ,UN
84014,GJ,UN
84015,GJ,UN
84016,GJ,UN
84017,GJ,UN
84018,GJ,UN
84019,GJ,UN
84020,AS,VF
84028,AS,VF
84029,AS,VF
84030,AS,VF
84038,AS,VF
84039,AS,VF
84040,AS,VF
84048,BR,VF
84049,BR,VF
84050,BR,VF
84058,BR,VF
84059,BR,VF
84060,BR,VF
84068,BR,VF
84069,BR,VF
84070,BR,VF
84078,BR,VF
84079,MH,VF
84080,MH,VF
84088,MH,VF
84089,MH,VF
84090,BR,UN
84091,BR,UN
84092,BR,UN
84093,BR,UN
84094,BR,UN
84095,BR,UN
84096,BR,UN
84097,BR,UN
84098,BR,UN
84099,BR,UN
84100,UW,AC
84101,UW,AC
84102,UW,AC
84103,UW,AC
84104,UW,AC
84105,UW,AC
84106,UW,AC
84107,UW,AC
84108,UW,AC
84109,UW,AC
84110,MH,VF
84118,MH,VF
84119,MH,VF
84120,MH,VF
84128,MH,VF
84129,MH,VF
84130,NE,AT
84138,NE,AT
84139,NE,AT
84140,NE,AT
84148,NE,AT
84149,NE,AT
84150,NE,AT
84158,NE,AT
84159,NE,AT
84160,NE,AT
84168,UE,ID
84169,UE,ID
84170,UE,ID
84178,UE,ID
84179,UE,ID
84180,UE,ID
84188,UE,ID
84189,UE,ID
84190,UE,ID
84198,UE,ID
84199,MU,ID
84200,KO,AT
84201,KO,AT
84202,KO,AT
84203,KO,AT
84204,KO,AT
84205,KO,AT
84206,KO,AT
84207,KO,AT
84208,KO,AT
84209,KO,AT
84210,MH,UN
84211,MH,UN
84212,MH,UN
84213,MH,UN
84214,MH,UN
84215,MH,UN
84216,MH,UN
84217,MH,UN
84218,MH,UN
84219,MH,UN
84220,MU,ID
84228,MU,ID
84229,MU,ID
84230,UE,UN
84231,UE,UN
84232,UE,UN
84233,UE,UN
84234,UE,UN
84235,UE,UN
84236,UE,UN
84237,UE,UN
84238,UE,UN
84239,UE,UN
84240,MU,ID
84248,MU,ID
84249,MU,ID
84250,MU,ID
84258,MU,ID
84259,MU,ID
84260,RJ,ID
84268,RJ,ID
84269,RJ,ID
84270,PB,AT
84271,PB,AT
84272,PB,AT
84273,PB,AT
84274,PB,AT
84275,PB,AT
84276,PB,AT
84277,PB,AT
84278,PB,AT
84279,PB,AT
84280,TN,VC
84281,TN,VC
84282,TN,VC
84283,TN,VC
84284,TN,VC
84285,TN,VC
84286,TN,VC
84287,TN,VC
84288,TN,VC
84289,TN,VC
84290,UE,RG
84291,UE,RG
84292,UE,RG
84293,UE,RG
84294,UE,RG
84295,UE,RG
84296,UE,RG
84297,UE,RG
84298,UE,RG
84299,UE,RG
84300,UW,RG
84301,UW,RG
84302,UW,RG
84303,UW,RG
84304,UW,RG
84305,UW,RG
84306,UW,RG
84307,UW,RG
84308,UW,RG
84309,UW,RG
84310,KN,RG
84311,KN,RG
84312,KN,RG
84313,KN,RG
84314,KN,RG
84315,KN,RG
84316,KN,RG
84317,KN,RG
84318,KN,RG
84319,KN,RG
84320,RJ,MS
84321,RJ,MS
84322,RJ,MS
84323,RJ,MS
84324,RJ,MS
84325,RJ,MS
84326,RJ,MS
84327,RJ,MS
84328,RJ,MS
84329,RJ,MS
84330,MU,MS
84331,MU,MS
84332,MU,MS
84333,MU,MS
84334,MU,MS
84335,MU,MS
84336,MU,MS
84337,MU,MS
84338,MU,MS
84339,MU,MS
84340,BR,MS
84341,BR,MS
84342,BR,MS
84343,BR,MS
84344,BR,MS
84345,BR,MS
84346,BR,MS
84347,BR,MS
84348,BR,MS
84349,BR,MS
84350,MP,ID
84351,MP,ID
84352,MP,ID
84353,MP,ID
84354,MP,ID
84355,MP,ID
84356,MP,ID
84357,MP,ID
84358,MP,ID
84359,MP,ID
84360,WB,UN
84361,WB,UN
84362,WB,UN
84363,WB,UN
84364,WB,UN
84365,WB,UN
84366,WB,UN
84367,WB,UN
84368,WB,UN
84369,WB,UN
84370,PB,ID
84371,PB,ID
84372,PB,ID
84373,PB,ID
84374,PB,ID
84375,PB,ID
84376,PB,ID
84377,PB,ID
84378,PB,ID
84379,PB,ID
84380,TN,TD
84381,TN,TD
84382,TN,TD
84383,TN,TD
84384,TN,TD
84385,TN,TD
84386,TN,TD
84387,TN,TD
84388,TN,TD
84389,TN,TD
84390,UW,TD
84391,UW,TD
84392,UW,TD
84393,UW,TD
84394,UW,TD
84395,UW,TD
84396,UW,TD
84397,UW,TD
84398,UW,TD
84399,UW,TD
84400,RJ,ID
84408,RJ,ID
84409,RJ,ID
84410,RJ,ID
84418,RJ,ID
84419,RJ,ID
84420,RJ,ID
84428,KO,RG
84429,KO,RG
84430,KO,RG
84438,KO,RG
84439,KO,RG
84440,KO,RG
84448,KO,RG
84449,KO,RG
84450,UW,UN
84451,UW,UN
84452,UW,UN
84453,UW,UN
84454,UW,UN
84455,UW,UN
84456,UW,UN
84457,UW,UN
84458,UW,UN
84459,UW,UN
84460,MH,TD
84461,MH,TD
84462,MH,TD
84463,MH,TD
84464,MH,TD
84465,MH,TD
84466,MH,TD
84467,MH,TD
84468,MH,TD
84469,MH,TD
84470,DL,VF
84471,DL,VF
84472,DL,VF
84473,DL,VF
84474,DL,VF
84475,DL,VF
84476,DL,VF
84477,DL,VF
84478,DL,VF
84479,DL,VF
84480,MU,RG
84481,MU,RG
84482,MU,RG
84483,MU,RG
84484,MU,RG
84485,MU,RG
84486,MU,RG
84487,MU,RG
84488,MU,RG
84489,MU,RG
84490,UW,ID
84491,UW,ID
84492,UW,ID
84493,UW,ID
84494,UW,ID
84495,UW,ID
84496,UW,ID
84497,UW,ID
84498,UW,ID
84499,UW,ID
84500,KO,RG
84508,KO,RG
84509,MU,AT
84510,MU,AT
84518,MU,AT
84519,MU,AT
84520,MU,AT
84528,MU,AT
84529,MU,AT
84530,KN,MS
84531,KN,MS
84532,KN,MS
84533,KN,MS
84534,KN,MS
84535,KN,MS
84536,KN,MS
84537,KN,MS
84538,KN,MS
84539,KN,MS
84540,MU,AT
84548,MU,AT
84549,MU,AT
84550,OR,AT
84558,OR,AT
84559,OR,AT
84560,OR,AT
84568,OR,AT
84569,OR,AT
84570,OR,AT
84578,OR,AT
84579,OR,AT
84580,OR,AT
84588,MP,ID
84589,MP,ID
84590,DL,MS
84591,DL,MS
84592,DL,MS
84593,DL,MS
84594,DL,MS
84595,DL,MS
84596,DL,MS
84597,DL,MS
84598,DL,MS
84599,DL,MS
84600,GJ,TD
84601,GJ,TD
84602,GJ,TD
84603,GJ,TD
84604,GJ,TD
84605,GJ,TD
84606,GJ,TD
84607,GJ,TD
84608,GJ,TD
84609,GJ,TD
84610,MP,ID
84618,MP,ID
84619,MP,ID
84620,MP,ID
84628,MP,ID
84629,MP,ID
84630,MP,ID
84638,MP,ID
84639,AP,ID
84640,AP,ID
84648,AP,ID
84649,AP,ID
84650,AP,ID
84658,AP,ID
84659,AP,ID
84660,AP,ID
84668,AP,ID
84669,AP,ID
84670,DL,RG
84678,DL,RG
84679,DL,RG
84680,DL,RG
84688,DL,RG
84689,DL,RG
84690,GJ,VF
84691,GJ,VF
84692,GJ,VF
84693,GJ,VF
84694,GJ,VF
84695,GJ,VF
84696,GJ,VF
84697,GJ,VF
84698,GJ,VF
84699,GJ,VF
84700,DL,RG
84708,DL,RG
84709,DL,RG
84710,DL,RG
84718,AS,AT
84719,AS,AT
84720,AS,AT
84728,AS,AT
84729,AS,AT
84730,AS,AT
84738,AS,AT
84739,AS,AT
84740,AS,AT
84748,AS,AT
84749,UW,ID
84750,UW,ID
84758,UW,ID
84759,UW,ID
84760,UW,ID
84768,UW,ID
84769,UW,ID
84770,UW,ID
84778,UW,ID
84779,UW,ID
84780,KO,ID
84788,KO,ID
84789,KO,ID
84790,KO,ID
84798,KO,ID
84799,KO,ID
84800,UE,BS
84801,UE,BS
84802,UE,BS
84803,UE,BS
84804,UE,BS
84805,UE,BS
84806,UE,BS
84807,UE,BS
84808,UE,BS
84809,UE,BS
84810,KO,ID
84818,KO,ID
84819,KO,ID
84820,KO,ID
84828,MH,UN
84829,MH,UN
84830,MH,UN
84838,MH,UN
84839,MH,UN
84840,MH,UN
84848,MH,UN
84849,MH,UN
84850,MH,UN
84858,MH,UN
84859,GJ,UN
84860,AS,VF
84861,AS,VF
84862,AS,VF
84863,AS,VF
84864,AS,VF
84865,AS,VF
84866,AS,VF
84867,AS,VF
84868,AS,VF
84869,AS,VF
84870,GJ,UN
84878,GJ,UN
84879,GJ,UN
84880,GJ,UN
84888,GJ,UN
84889,GJ,UN
84890,TN,VF
84891,TN,VF
84892,TN,VF
84893,TN,VF
84894,TN,VF
84895,TN,VF
84896,TN,VF
84897,TN,VF
84898,TN,VF
84899,TN,VF
84900,GJ,UN
84908,GJ,UN
84909,GJ,UN
84910,JK,AT
84919,JK,AT
84920,JK,AT
84921,JK,AT
84928,JK,AT
84929,JK,AT
84930,JK,AT
84938,JK,AT
84939,JK,AT
84940,JK,AT
84948,KN,ID
84949,KN,ID
84950,KN,ID
84958,KN,ID
84959,KN,ID
84960,KN,ID
84968,KN,ID
84969,KN,ID
84970,KN,ID
84978,KN,ID
84979,AP,ID
84980,AP,ID
84988,AP,ID
84989,AP,ID
84990,AP,ID
84998,AP,ID
84999,AP,ID
85000,AP,BS
85001,AP,BS
85002,AP,BS
85003,AP,BS
85004,AP,BS
85005,AP,BS
85006,AP,BS
85007,AP,BS
85008,AP,BS
85009,AP,BS
85010,AP,ID
85018,AP,ID
85019,AP,ID
85020,RJ,ID
85028,RJ,ID
85029,RJ,ID
85030,RJ,ID
85038,RJ,ID
85039,RJ,ID
85040,RJ,ID
85048,RJ,ID
85049,RJ,ID
85050,RJ,ID
85058,DL,ID
85059,DL,ID
85060,DL,ID
85068,DL,ID
85069,DL,ID
85070,BR,AC
85071,BR,AC
85072,BR,AC
85073,BR,AC
85074,BR,AC
85075,BR,AC
85076,BR,AC
85077,BR,AC
85078,BR,AC
85079,BR,AC
85080,TN,AC
85081,TN,AC
85082,TN,AC
85083,TN,AC
85084,TN,AC
85085,TN,AC
85086,TN,AC
85087,TN,AC
85088,TN,AC
85089,TN,AC
85090,WB,RG
85091,WB,RG
85092,WB,RG
85093,WB,RG
85094,WB,RG
85095,WB,RG
85096,WB,RG
85097,WB,RG
85098,WB,RG
85099,WB,RG
85100,DL,ID
85108,DL,ID
85109,DL,ID
85110,GJ,AT
85111,GJ,AT
85112,GJ,AT
85113,GJ,AT
85114,GJ,AT
85115,GJ,AT
85116,GJ,AT
85117,GJ,AT
85118,GJ,AT
85119,GJ,AT
85120,DL,ID
85128,DL,ID
85129,WB,ID
85130,WB,ID
85138,WB,ID
85139,WB,ID
85140,WB,ID
85148,WB,ID
85149,WB,ID
85150,WB,ID
85158,WB,ID
85159,WB,ID
85160,MP,VF
85168,MP,VF
85169,MP,VF
85170,MP,VF
85178,MP,VF
85179,MP,VF
85180,MP,VF
85188,MP,VF
85189,MP,VF
85190,MP,VF
85198,AP,UN
85199,AP,UN
85200,AP,UN
85208,AP,UN
85209,AP,UN
85210,BR,AT
85211,BR,AT
85212,BR,AT
85213,BR,AT
85214,BR,AT
85215,BR,AT
85216,BR,AT
85217,BR,AT
85218,BR,AT
85219,BR,AT
85220,AP,UN
85228,AP,UN
85229,AP,UN
85230,AP,UN
85238,AP,UN
85239,TN,UN
85240,TN,UN
85248,TN,UN
85249,TN,UN
85250,TN,UN
85258,TN,UN
85259,TN,UN
85260,TN,AC
85261,TN,AC
85262,TN,AC
85263,TN,AC
85264,TN,AC
85265,TN,AC
85266,TN,AC
85267,TN,AC
85268,TN,AC
85269,TN,AC
85270,DL,AT
85271,DL,AT
85272,DL,AT
85273,DL,AT
85274,DL,AT
85275,DL,AT
85276,DL,AT
85277,DL,AT
85278,DL,AT
85279,DL,AT
85280,PB,VC
85281,PB,VC
85282,PB,VC
85283,PB,VC
85284,PB,VC
85285,PB,VC
85286,PB,VC
85287,PB,VC
85288,PB,VC
85289,PB,VC
85290,HR,VC
85291,HR,VC
85292,HR,VC
85293,HR,VC
85294,HR,VC
85295,HR,VC
85296,HR,VC
85297,HR,VC
85298,HR,VC
85299,HR,VC
85300,GJ,VC
85301,GJ,VC
85302,GJ,VC
85303,GJ,VC
85304,GJ,VC
85305,GJ,VC
85306,GJ,VC
85307,GJ,VC
85308,GJ,VC
85309,GJ,VC
85310,TN,UN
85318,TN,UN
85319,TN,UN
85320,UW,UN
85328,UW,UN
85329,UW,UN
85330,UW,UN
85338,UW,UN
85339,UW,UN
85340,UW,UN
85348,UW,UN
85349,UW,UN
85350,UW,UN
85358,WB,UN
85359,WB,UN
85360,WB,UN
85368,WB,UN
85369,WB,UN
85370,WB,UN
85378,WB,UN
85379,WB,UN
85380,WB,UN
85388,WB,UN
85389,BR,UN
85390,BR,UN
85398,BR,UN
85399,BR,UN
85400,BR,UN
85408,BR,UN
85409,BR,UN
85410,BR,UN
85418,BR,UN
85419,BR,UN
85420,UE,UN
85428,UE,UN
85429,UE,UN
85430,UE,UN
85438,UE,UN
85439,UE,UN
85440,BR,BS
85441,BR,BS
85442,BR,BS
85443,BR,BS
85444,BR,BS
85445,BR,BS
85446,BR,BS
85447,BR,BS
85448,BR,BS
85449,BR,BS
85450,UE,UN
85458,UE,UN
85459,UE,UN
85460,UE,UN
85468,KN,UN
85469,KN,UN
85470,KL,BS
85471,KL,BS
85472,KL,BS
85473,KL,BS
85474,KL,BS
85475,KL,BS
85476,KL,BS
85477,KL,BS
85478,KL,BS
85479,KL,BS
85480,KN,UN
85488,KN,UN
85489,KN,UN
85490,KN,UN
85498,KN,UN
85499,KN,UN
85500,KN,UN
85508,KN,UN
85509,MH,VF
85510,MH,VF
85518,MH,VF
85519,MH,VF
85520,MH,VF
85528,MH,VF
85529,MH,VF
85530,KN,AC
85531,KN,AC
85532,KN,AC
85533,KN,AC
85534,KN,AC
85535,KN,AC
85536,KN,AC
85537,KN,AC
85538,KN,AC
85539,KN,AC
85540,MH,VF
85548,MH,VF
85549,MH,VF
85560,PB,VF
85568,PB,VF
85569,PB,VF
85570,PB,VF
85578,PB,VF
85579,PB,VF
85580,PB,VF
85588,PB,VF
85589,PB,VF
85590,PB,VF
85598,RJ,AC
85599,RJ,AC
85600,RJ,AC
85608,RJ,AC
85609,RJ,AC
85610,RJ,AC
85618,RJ,AC
85619,RJ,AC
85620,RJ,AC
85628,RJ,AC
85629,UE,AC
85630,UE,AC
85638,UE,AC
85639,UE,AC
85640,UE,AC
85648,UE,AC
85649,UE,AC
85650,UE,AC
85658,UE,AC
85659,UE,AC
85660,PB,AC
85668,PB,AC
85669,PB,AC
85670,PB,AC
85678,PB,AC
85679,PB,AC
85680,PB,AC
85688,PB,AC
85689,PB,AC
85690,PB,AC
85698,HR,AT
85699,HR,AT
85700,HR,AT
85708,HR,AT
85709,HR,AT
85710,HR,AT
85718,HR,AT
85719,HR,AT
85720,HR,AT
85728,HR,AT
85729,UE,ID
85730,UE,ID
85738,UE,ID
85739,UE,ID
85740,UE,AC
85741,UE,AC
85742,UE,AC
85743,UE,AC
85744,UE,AC
85745,UE,AC
85746,UE,AC
85747,UE,AC
85748,UE,AC
85749,UE,AC
85750,NE,AC
85751,NE,AC
85752,NE,AC
85753,NE,AC
85754,NE,AC
85755,NE,AC
85756,NE,AC
85757,NE,AC
85758,NE,AC
85759,NE,AC
85760,UE,ID
85768,UE,ID
85769,UE,ID
85770,UE,ID
85778,UE,ID
85779,UE,ID
85780,BR,ID
85788,BR,ID
85789,BR,ID
85790,BR,ID
85798,BR,ID
85799,BR,ID
85800,BR,BS
85801,BR,BS
85802,BR,BS
85803,BR,BS
85804,BR,BS
85805,BR,BS
85806,BR,BS
85807,BR,BS
85808,BR,BS
85809,BR,BS
85810,BR,ID
85818,BR,ID
85819,BR,ID
85820,BR,ID
85828,KO,AT
85829,KO,AT
85830,KO,AT
85838,KO,AT
85839,KO,AT
85840,KO,AT
85848,KO,AT
85849,KO,AT
85850,KO,AT
85858,KO,AT
85859,DL,VF
85860,DL,VF
85868,DL,VF
85869,DL,VF
85870,DL,VF
85878,DL,VF
85879,DL,VF
85880,DL,VF
85888,DL,VF
85889,DL,VF
85890,KL,VF
85898,KL,VF
85899,KL,VF
85900,KL,RG
85901,KL,RG
85902,KL,RG
85903,KL,RG
85904,KL,RG
85905,KL,RG
85906,KL,RG
85907,KL,RG
85908,KL,RG
85909,KL,RG
85910,PB,RG
85911,PB,RG
85912,PB,RG
85913,PB,RG
85914,PB,RG
85915,PB,RG
85916,PB,RG
85917,PB,RG
85918,PB,RG
85919,PB,RG
85920,KL,VF
85928,KL,VF
85929,KL,VF
85930,KL,VF
85938,KL,VF
85939,KL,VF
85940,KL,VF
85948,OR,VF
85949,OR,VF
85950,DL,RG
85951,DL,RG
85952,DL,RG
85953,DL,RG
85954,DL,RG
85955,DL,RG
85956,DL,RG
85957,DL,RG
85958,DL,RG
85959,DL,RG
85960,OR,VF
85968,OR,VF
85969,OR,VF
85970,BR,RG
85971,BR,RG
85972,BR,RG
85973,BR,RG
85974,BR,RG
85975,BR,RG
85976,BR,RG
85977,BR,RG
85978,BR,RG
85979,BR,RG
85980,OR,VF
85988,OR,VF
85989,OR,VF
85990,OR,VF
85998,OR,VF
85999,KO,UN
86000,MH,AT
86001,MH,AT
86002,MH,AT
86003,MH,AT
86004,MH,AT
86005,MH,AT
86006,MH,AT
86007,MH,AT
86008,MH,AT
86009,MH,AT
86010,UE,VF
86011,UE,VF
86012,UE,VF
86013,UE,VF
86014,UE,VF
86015,UE,VF
86016,UE,VF
86017,UE,VF
86018,UE,VF
86019,UE,VF
86020,MP,TD
86021,MP,TD
86022,MP,TD
86023,MP,TD
86024,MP,TD
86025,MP,TD
86026,MP,TD
86027,MP,TD
86028,MP,TD
86029,MP,TD
86030,BR,TD
86031,BR,TD
86032,BR,TD
86033,BR,TD
86034,BR,TD
86035,BR,TD
86036,BR,TD
86037,BR,TD
86038,BR,TD
86039,BR,TD
86040,UE,TD
86041,UE,TD
86042,UE,TD
86043,UE,TD
86044,UE,TD
86045,UE,TD
86046,UE,TD
86047,UE,TD
86048,UE,TD
86049,UE,TD
86050,MH,ID
86051,MH,ID
86052,MH,ID
86053,MH,ID
86054,MH,ID
86055,MH,ID
86056,MH,ID
86057,MH,ID
86058,MH,ID
86059,MH,ID
86060,KL,ID
86061,KL,ID
86062,KL,ID
86063,KL,ID
86064,KL,ID
86065,KL,ID
86066,KL,ID
86067,KL,ID
86068,KL,ID
86069,KL,ID
86070,HR,ID
86071,HR,ID
86072,HR,ID
86073,HR,ID
86074,HR,ID
86075,HR,ID
86076,HR,ID
86077,HR,ID
86078,HR,ID
86079,HR,ID
86080,TN,ID
86081,TN,ID
86082,TN,ID
86083,TN,ID
86084,TN,ID
86085,TN,ID
86086,TN,ID
86087,TN,ID
86088,TN,ID
86089,TN,ID
86090,WB,ID
86091,WB,ID
86092,WB,ID
86093,WB,ID
86094,WB,ID
86095,WB,ID
86096,WB,ID
86097,WB,ID
86098,WB,ID
86099,WB,ID
86200,KO,UN
86208,KO,UN
86209,KO,UN
86210,KO,UN
86218,KO,UN
86219,KO,UN
86220,KO,UN
86228,KO,UN
86229,KO,UN
86230,MH,UN
86238,MH,UN
86239,MH,UN
86240,MH,UN
86248,MH,UN
86249,MH,UN
86250,MH,UN
86258,MH,UN
86259,MH,UN
86260,MH,UN
86268,HP,AT
86269,HP,AT
86270,HP,AT
86278,HP,AT
86279,HP,AT
86280,HP,AT
86288,HP,AT
86289,HP,AT
86290,HP,AT
86298,HP,AT
86299,WB,MS
86400,WB,MS
86408,WB,MS
86409,WB,MS
86410,WB,MS
86418,WB,MS
86419,WB,MS
86420,WB,MS
86428,WB,MS
86429,WB,MS
86430,TN,MS
86438,TN,MS
86439,TN,MS
86440,TN,MS
86448,TN,MS
86449,TN,MS
86450,TN,MS
86458,TN,MS
86459,TN,MS
86460,TN,MS
86468,KO,MS
86469,KO,MS
86470,KO,MS
86478,KO,MS
86479,KO,MS
86480,KO,MS
86488,KO,MS
86489,KO,MS
86490,KO,MS
86498,KO,MS
86499,MP,AC
86500,UW,VF
86501,UW,VF
86502,UW,VF
86503,UW,VF
86504,UW,VF
86505,UW,VF
86506,UW,VF
86507,UW,VF
86508,UW,VF
86509,UW,VF
86510,BR,ID
86511,BR,ID
86512,BR,ID
86513,BR,ID
86514,BR,ID
86515,BR,ID
86516,BR,ID
86517,BR,ID
86518,BR,ID
86519,BR,ID
86520,MU,ID
86521,MU,ID
86522,MU,ID
86523,MU,ID
86524,MU,ID
86525,MU,ID
86526,MU,ID
86527,MU,ID
86528,MU,ID
86529,MU,ID
86530,WB,TD
86531,WB,TD
86532,WB,TD
86533,WB,TD
86534,WB,TD
86535,WB,TD
86536,WB,TD
86537,WB,TD
86538,WB,TD
86539,WB,TD
86540,MP,AC
86548,MP,AC
86549,MP,AC
86550,MU,TD
86551,MU,TD
86552,MU,TD
86553,MU,TD
86554,MU,TD
86555,MU,TD
86556,MU,TD
86557,MU,TD
86558,MU,TD
86559,MU,TD
86560,MP,AC
86568,MP,AC
86569,MP,AC
86570,MH,RG
86571,MH,RG
86572,MH,RG
86573,MH,RG
86574,MH,RG
86575,MH,RG
86576,MH,RG
86577,MH,RG
86578,MH,RG
86579,MH,RG
86580,OR,AT
86581,OR,AT
86582,OR,AT
86583,OR,AT
86584,OR,AT
86585,OR,AT
86586,OR,AT
86587,OR,AT
86588,OR,AT
86589,OR,AT
86590,MP,AC
86598,MP,AC
86599,MP,AC
86700,WB,AT
86701,WB,AT
86702,WB,AT
86703,WB,AT
86704,WB,AT
86705,WB,AT
86706,WB,AT
86707,WB,AT
86708,WB,AT
86709,WB,AT
86710,GJ,AC
86718,GJ,AC
86719,GJ,AC
86720,GJ,AC
86728,GJ,AC
86729,GJ,AC
86730,GJ,AC
86738,GJ,AC
86739,GJ,AC
86740,GJ,AC
86748,BR,VF
86749,BR,VF
86750,TN,AC
86751,TN,AC
86752,TN,AC
86753,TN,AC
86754,TN,AC
86755,TN,AC
86756,TN,AC
86757,TN,AC
86758,TN,AC
86759,TN,AC
86760,BR,VF
86768,BR,VF
86769,BR,VF
86770,BR,VF
86778,BR,VF
86779,BR,VF
86780,BR,VF
86788,BR,VF
86789,TN,ID
86790,HP,AC
86791,HP,AC
86792,HP,AC
86793,HP,AC
86794,HP,AC
86795,HP,AC
86796,HP,AC
86797,HP,AC
86798,HP,AC
86799,HP,AC
86800,TN,ID
86808,TN,ID
86809,TN,ID
86810,TN,ID
86818,TN,ID
86819,TN,ID
86820,TN,ID
86828,TN,ID
86829,TN,ID
86830,HR,ID
86838,HR,ID
86839,HR,ID
86840,HR,ID
86848,HR,ID
86849,HR,ID
86850,HR,ID
86858,HR,ID
86859,HR,ID
86860,AP,AC
86861,AP,AC
86862,AP,AC
86863,AP,AC
86864,AP,AC
86865,AP,AC
86866,AP,AC
86867,AP,AC
86868,AP,AC
86869,AP,AC
86870,UE,RG
86871,UE,RG
86872,UE,RG
86873,UE,RG
86874,UE,RG
86875,UE,RG
86876,UE,RG
86877,UE,RG
86878,UE,RG
86879,UE,RG
86880,AP,RG
86881,AP,RG
86882,AP,RG
86883,AP,RG
86884,AP,RG
86885,AP,RG
86886,AP,RG
86887,AP,RG
86888,AP,RG
86889,AP,RG
86890,HR,ID
86898,MU,ID
86899,MU,ID
86900,GJ,RG
86901,GJ,RG
86902,GJ,RG
86903,GJ,RG
86904,GJ,RG
86905,GJ,RG
86906,GJ,RG
86907,GJ,RG
86908,GJ,RG
86909,GJ,RG
86910,MU,ID
86918,MU,ID
86919,MU,ID
86920,MU,ID
86928,MU,ID
86929,MU,ID
86930,MU,ID
86938,MU,ID
86939,KN,MS
86940,KN,MS
86948,KN,MS
86949,KN,MS
86950,TN,RG
86951,TN,RG
86952,TN,RG
86953,TN,RG
86954,TN,RG
86955,TN,RG
86956,TN,RG
86957,TN,RG
86958,TN,RG
86959,TN,RG
86960,RJ,VF
86961,RJ,VF
86962,RJ,VF
86963,RJ,VF
86964,RJ,VF
86965,RJ,VF
86966,RJ,VF
86967,RJ,VF
86968,RJ,VF
86969,RJ,VF
86970,KO,VF
86971,KO,VF
86972,KO,VF
86973,KO,VF
86974,KO,VF
86975,KO,VF
86976,KO,VF
86977,KO,VF
86978,KO,VF
86979,KO,VF
86980,MH,VF
86981,MH,VF
86982,MH,VF
86983,MH,VF
86984,MH,VF
86985,MH,VF
86986,MH,VF
86987,MH,VF
86988,MH,VF
86989,MH,VF
86990,PB,TD
86991,PB,TD
86992,PB,TD
86993,PB,TD
86994,PB,TD
86995,PB,TD
86996,PB,TD
86997,PB,TD
86998,PB,TD
86999,PB,TD
87100,KN,MS
87108,KN,MS
87109,KN,MS
87110,KN,MS
87118,KN,MS
87119,KN,MS
87120,AP,TD
87121,AP,TD
87122,AP,TD
87123,AP,TD
87124,AP,TD
87125,AP,TD
87126,AP,TD
87127,AP,TD
87128,AP,TD
87129,AP,TD
87130,JK,VF
87138,JK,VF
87139,JK,VF
87140,KL,TD
87141,KL,TD
87142,KL,TD
87143,KL,TD
87144,KL,TD
87145,KL,TD
87146,KL,TD
87147,KL,TD
87148,KL,TD
87149,KL,TD
87150,JK,VF
87158,JK,VF
87159,JK,VF
87160,JK,VF
87168,JK,VF
87169,JK,VF
87170,JK,VF
87178,MP,ID
87179,MP,ID
87180,MP,ID
87188,MP,ID
87189,MP,ID
87190,MP,ID
87198,MP,ID
87199,MP,ID
87200,MP,ID
87208,MP,ID
87209,AS,VF
87210,AS,VF
87218,AS,VF
87219,AS,VF
87220,KN,ID
87221,KN,ID
87222,KN,ID
87223,KN,ID
87224,KN,ID
87225,KN,ID
87226,KN,ID
87227,KN,ID
87228,KN,ID
87229,KN,ID
87230,AS,VF
87238,AS,VF
87239,AS,VF
87240,AS,VF
87248,AS,VF
87249,AS,VF
87250,PB,ID
87258,PB,ID
87259,PB,ID
87260,UE,ID
87261,UE,ID
87262,UE,ID
87263,UE,ID
87264,UE,ID
87265,UE,ID
87266,UE,ID
87267,UE,ID
87268,UE,ID
87269,UE,ID
87270,PB,ID
87278,PB,ID
87279,PB,ID
87280,PB,ID
87288,PB,ID
87289,PB,ID
87290,PB,ID
87298,NE,AT
87299,NE,AT
87300,NE,AT
87308,NE,AT
87309,NE,AT
87310,NE,AT
87318,NE,AT
87319,NE,AT
87320,NE,AT
87328,NE,AT
87329,GJ,UN
87330,GJ,UN
87338,GJ,UN
87339,GJ,UN
87340,GJ,UN
87348,GJ,UN
87349,GJ,UN
87350,GJ,UN
87358,GJ,UN
87359,GJ,UN
87360,UE,UN
87368,UE,UN
87369,UE,UN
87370,UE,UN
87378,UE,UN
87379,UE,UN
87380,UE,UN
87388,UE,UN
87389,UE,UN
87390,UE,UN
87398,RJ,ID
87399,RJ,ID
87400,RJ,ID
87408,RJ,ID
87409,RJ,ID
87410,RJ,ID
87418,RJ,ID
87419,RJ,ID
87420,RJ,ID
87428,RJ,ID
87429,DL,ID
87430,DL,ID
87438,DL,ID
87439,DL,ID
87440,DL,ID
87448,DL,ID
87449,DL,ID
87450,DL,ID
87458,DL,ID
87459,DL,ID
87460,KN,ID
87468,KN,ID
87469,KN,ID
87470,KN,ID
87478,KN,ID
87479,KN,ID
87480,KN,ID
87488,KN,ID
87489,KN,ID
87490,KN,ID
87498,AS,AC
87499,AS,AC
87500,DL,ID
87501,DL,ID
87502,DL,ID
87503,DL,ID
87504,DL,ID
87505,DL,ID
87506,DL,ID
87507,DL,ID
87508,DL,ID
87509,DL,ID
87510,AS,AC
87518,AS,AC
87519,AS,AC
87520,AS,AC
87528,AS,AC
87529,AS,AC
87530,AS,AC
87538,AS,AC
87539,AS,AT
87540,TN,AT
87541,TN,AT
87542,TN,AT
87543,TN,AT
87544,TN,AT
87545,TN,AT
87546,TN,AT
87547,TN,AT
87548,TN,AT
87549,TN,AT
87550,UW,AT
87551,UW,AT
87552,UW,AT
87553,UW,AT
87554,UW,AT
87555,UW,AT
87556,UW,AT
87557,UW,AT
87558,UW,AT
87559,UW,AT
87560,UE,AT
87561,UE,AT
87562,UE,AT
87563,UE,AT
87564,UE,AT
87565,UE,AT
87566,UE,AT
87567,UE,AT
87568,UE,AT
87569,UE,AT
87570,BR,AT
87571,BR,AT
87572,BR,AT
87573,BR,AT
87574,BR,AT
87575,BR,AT
87576,BR,AT
87577,BR,AT
87578,BR,AT
87579,BR,AT
87580,GJ,VF
87581,GJ,VF
87582,GJ,VF
87583,GJ,VF
87584,GJ,VF
87585,GJ,VF
87586,GJ,VF
87587,GJ,VF
87588,GJ,VF
87589,GJ,VF
87590,WB,AC
87591,WB,AC
87592,WB,AC
87593,WB,AC
87594,WB,AC
87595,WB,AC
87596,WB,AC
87597,WB,AC
87598,WB,AC
87599,WB,AC
87600,TN,AC
87601,TN,AC
87602,TN,AC
87603,TN,AC
87604,TN,AC
87605,TN,AC
87606,TN,AC
87607,TN,AC
87608,TN,AC
87609,TN,AC
87610,AS,AT
87618,AS,AT
87619,AS,AT
87620,KN,BS
87621,KN,BS
87622,KN,BS
87623,KN,BS
87624,KN,BS
87625,KN,BS
87626,KN,BS
87627,KN,BS
87628,KN,BS
87629,KN,BS
87630,OR,BS
87631,OR,BS
87632,OR,BS
87633,OR,BS
87634,OR,BS
87635,OR,BS
87636,OR,BS
87637,OR,BS
87638,OR,BS
87639,OR,BS
87640,RJ,BS
87641,RJ,BS
87642,RJ,BS
87643,RJ,BS
87644,RJ,BS
87645,RJ,BS
87646,RJ,BS
87647,RJ,BS
87648,RJ,BS
87649,RJ,BS
87650,UE,BS
87651,UE,BS
87652,UE,BS
87653,UE,BS
87654,UE,BS
87655,UE,BS
87656,UE,BS
87657,UE,BS
87658,UE,BS
87659,UE,BS
87660,RJ,RG
87661,RJ,RG
87662,RJ,RG
87663,RJ,RG
87664,RJ,RG
87665,RJ,RG
87666,RJ,RG
87667,RJ,RG
87668,RJ,RG
87669,RJ,RG
87670,MU,RG
87671,MU,RG
87672,MU,RG
87673,MU,RG
87674,MU,RG
87675,MU,RG
87676,MU,RG
87677,MU,RG
87678,MU,RG
87679,MU,RG
87680,WB,VF
87681,WB,VF
87682,WB,VF
87683,WB,VF
87684,WB,VF
87685,WB,VF
87686,WB,VF
87687,WB,VF
87688,WB,VF
87689,WB,VF
87690,RJ,AT
87691,RJ,AT
87692,RJ,AT
87693,RJ,AT
87694,RJ,AT
87695,RJ,AT
87696,RJ,AT
87697,RJ,AT
87698,RJ,AT
87699,RJ,AT
87900,AP,AT
87901,AP,AT
87902,AP,AT
87903,AP,AT
87904,AP,AT
87905,AP,AT
87906,AP,AT
87907,AP,AT
87908,AP,AT
87909,AP,AT
87910,UW,TD
87911,UW,TD
87912,UW,TD
87913,UW,TD
87914,UW,TD
87915,UW,TD
87916,UW,TD
87917,UW,TD
87918,UW,TD
87919,UW,TD
87920,KN,TD
87921,KN,TD
87922,KN,TD
87923,KN,TD
87924,KN,TD
87925,KN,TD
87926,KN,TD
87927,KN,TD
87928,KN,TD
87929,KN,TD
87930,MH,TD
87931,MH,TD
87932,MH,TD
87933,MH,TD
87934,MH,TD
87935,MH,TD
87936,MH,TD
87937,MH,TD
87938,MH,TD
87939,MH,TD
87940,NE,VF
87941,NE,VF
87942,NE,VF
87943,NE,VF
87944,NE,VF
87945,NE,VF
87946,NE,VF
87947,NE,VF
87948,NE,VF
87949,NE,VF
87950,UE,VF
87951,UE,VF
87952,UE,VF
87953,UE,VF
87954,UE,VF
87955,UE,VF
87956,UE,VF
87957,UE,VF
87958,UE,VF
87959,UE,VF
87960,MH,AC
87961,MH,AC
87962,MH,AC
87963,MH,AC
87964,MH,AC
87965,MH,AC
87966,MH,AC
87967,MH,AC
87968,MH,AC
87969,MH,AC
87970,BR,TD
87971,BR,TD
87972,BR,TD
87973,BR,TD
87974,BR,TD
87975,BR,TD
87976,BR,TD
87977,BR,TD
87978,BR,TD
87979,BR,TD
87980,WB,RG
87981,WB,RG
87982,WB,RG
87983,WB,RG
87984,WB,RG
87985,WB,RG
87986,WB,RG
87987,WB,RG
87988,WB,RG
87989,WB,RG
87990,UE,RG
87991,UE,RG
87992,UE,RG
87993,UE,RG
87994,UE,RG
87995,UE,RG
87996,UE,RG
87997,UE,RG
87998,UE,RG
87999,UE,RG
88000,DL,AT
88001,DL,AT
88002,DL,AT
88003,DL,AT
88004,DL,AT
88005,DL,AT
88006,DL,AT
88007,DL,AT
88008,DL,AT
88009,DL,AT
88010,AP,AC
88011,AP,AC
88012,AP,AC
88013,AP,AC
88014,AP,AC
88015,AP,AC
88016,AP,AC
88017,AP,AC
88018,AP,AC
88019,AP,AC
88020,DL,AC
88021,DL,AC
88022,DL,AC
88023,DL,AC
88024,DL,AC
88025,DL,AC
88026,DL,AC
88027,DL,AC
88028,DL,AC
88029,DL,AC
88030,JK,AC
88031,JK,AC
88032,JK,AC
88033,JK,AC
88034,JK,AC
88035,JK,AC
88036,JK,AC
88037,JK,AC
88038,JK,AC
88039,JK,AC
88040,BR,AC
88041,BR,AC
88042,BR,AC
88043,BR,AC
88044,BR,AC
88045,BR,AC
88046,BR,AC
88047,BR,AC
88048,BR,AC
88049,BR,AC
88050,MH,ID
88051,MH,ID
88052,MH,ID
88053,MH,ID
88054,MH,ID
88055,MH,ID
88056,MH,ID
88057,MH,ID
88058,MH,ID
88059,MH,ID
88060,MH,VF
88061,MH,VF
88062,MH,VF
88063,MH,VF
88064,MH,VF
88065,MH,VF
88066,MH,VF
88067,MH,VF
88068,MH,VF
88069,MH,VF
88070,TN,TD
88071,TN,TD
88072,TN,TD
88073,TN,TD
88074,TN,TD
88075,TN,TD
88076,TN,TD
88077,TN,TD
88078,TN,TD
88079,TN,TD
88080,UE,ID
88081,UE,ID
88082,UE,ID
88083,UE,ID
88084,UE,ID
88085,UE,ID
88086,UE,ID
88087,UE,ID
88088,UE,ID
88089,UE,ID
88090,BR,AT
88091,BR,AT
88092,BR,AT
88093,BR,AT
88094,BR,AT
88095,BR,AT
88096,BR,AT
88097,BR,AT
88098,BR,AT
88099,BR,AT
88100,UW,RG
88101,UW,RG
88102,UW,RG
88103,UW,RG
88104,UW,RG
88105,UW,RG
88106,UW,RG
88107,UW,RG
88108,UW,RG
88109,UW,RG
88110,AS,AT
88118,AS,AT
88119,AS,AT
88120,AS,AT
88128,AS,AT
88129,AS,AT
88130,HR,VF
88138,HR,VF
88139,HR,VF
88140,HR,VF
88148,HR,VF
88149,HR,VF
88150,MP,RG
88151,MP,RG
88152,MP,RG
88153,MP,RG
88154,MP,RG
88155,MP,RG
88156,MP,RG
88157,MP,RG
88158,MP,RG
88159,MP,RG
88160,HR,VF
88168,HR,VF
88169,HR,VF
88170,MP,RG
88171,MP,RG
88172,MP,RG
88173,MP,RG
88174,MP,RG
88175,MP,RG
88176,MP,RG
88177,MP,RG
88178,MP,RG
88179,MP,RG
88180,HR,VF
88188,MP,VF
88189,MP,VF
88190,MP,VF
88198,MP,VF
88199,MP,VF
88200,KO,RG
88201,KO,RG
88202,KO,RG
88203,KO,RG
88204,KO,RG
88205,KO,RG
88206,KO,RG
88207,KO,RG
88208,KO,RG
88209,KO,RG
88210,MP,VF
88218,MP,VF
88219,MP,VF
88220,AS,RG
88221,AS,RG
88222,AS,RG
88223,AS,RG
88224,AS,RG
88225,AS,RG
88226,AS,RG
88227,AS,RG
88228,AS,RG
88229,AS,RG
88230,MP,VF
88238,MP,VF
88239,RJ,TD
88240,RJ,RG
88241,RJ,RG
88242,RJ,RG
88243,RJ,RG
88244,RJ,RG
88245,RJ,RG
88246,RJ,RG
88247,RJ,RG
88248,RJ,RG
88249,RJ,RG
88250,TN,VC
88251,TN,VC
88252,TN,VC
88253,TN,VC
88254,TN,VC
88255,TN,VC
88256,TN,VC
88257,TN,VC
88258,TN,VC
88259,TN,VC
88260,DL,AT
88261,DL,AT
88262,DL,AT
88263,DL,AT
88264,DL,AT
88265,DL,AT
88266,DL,AT
88267,DL,AT
88268,DL,AT
88269,DL,AT
88270,MP,AT
88271,MP,AT
88272,MP,AT
88273,MP,AT
88274,MP,AT
88275,MP,AT
88276,MP,AT
88277,MP,AT
88278,MP,AT
88279,MP,AT
88280,MU,VC
88281,MU,VC
88282,MU,VC
88283,MU,VC
88284,MU,VC
88285,MU,VC
88286,MU,VC
88287,MU,VC
88288,MU,VC
88289,MU,VC
88290,RJ,TD
88298,RJ,TD
88299,RJ,TD
88520,RJ,TD
88528,RJ,TD
88529,RJ,TD
88530,UE,AT
88531,UE,AT
88532,UE,AT
88533,UE,AT
88534,UE,AT
88535,UE,AT
88536,UE,AT
88537,UE,AT
88538,UE,AT
88539,UE,AT
88540,RJ,TD
88548,RJ,TD
88549,RJ,TD
88550,MH,UN
88558,MH,UN
88559,MH,UN
88560,MH,UN
88568,MH,UN
88569,MH,UN
88570,MH,UN
88571,MH,UN
88579,MH,UN
88580,UE,UN
88581,UE,UN
88582,UE,UN
88583,UE,UN
88584,UE,UN
88585,UE,UN
88586,UE,UN
88587,UE,UN
88588,UE,UN
88589,UE,UN
88590,UW,VF
88591,UW,VF
88592,UW,VF
88593,UW,VF
88594,UW,VF
88595,UW,VF
88596,UW,VF
88597,UW,VF
88598,UW,VF
88599,UW,VF
88600,DL,VF
88601,DL,VF
88602,DL,VF
88603,DL,VF
88604,DL,VF
88605,DL,VF
88606,DL,VF
88607,DL,VF
88608,DL,VF
88609,DL,VF
88610,KN,AT
88611,KN,AT
88612,KN,AT
88613,KN,AT
88614,KN,AT
88615,KN,AT
88616,KN,AT
88617,KN,AT
88618,KN,AT
88619,KN,AT
88620,MH,UN
88628,BR,UN
88629,BR,UN
88630,BR,UN
88638,BR,UN
88639,BR,UN
88640,BR,UN
88648,UW,UN
88649,UW,UN
88650,UW,UN
88658,UW,UN
88659,UW,UN
88660,GJ,TD
88661,GJ,TD
88662,GJ,TD
88663,GJ,TD
88664,GJ,TD
88665,GJ,TD
88666,GJ,TD
88667,GJ,TD
88668,GJ,TD
88669,GJ,TD
88670,KN,TD
88671,KN,TD
88672,KN,TD
88673,KN,TD
88674,KN,TD
88675,KN,TD
88676,KN,TD
88677,KN,TD
88678,KN,TD
88679,KN,TD
88680,UW,UN
88688,UW,UN
88689,UW,UN
88690,UW,UN
88698,UW,UN
88699,UE,UN
88700,TN,AT
88701,TN,AT
88702,TN,AT
88703,TN,AT
88704,TN,AT
88705,TN,AT
88706,TN,AT
88707,TN,AT
88708,TN,AT
88709,TN,AT
88710,MP,TD
88711,MP,TD
88712,MP,TD
88713,MP,TD
88714,MP,TD
88715,MP,TD
88716,MP,TD
88717,MP,TD
88718,MP,TD
88719,MP,TD
88720,PB,ID
88721,PB,ID
88722,PB,ID
88723,PB,ID
88724,PB,ID
88725,PB,ID
88726,PB,ID
88727,PB,ID
88728,PB,ID
88729,PB,ID
88730,BR,ID
88731,BR,ID
88732,BR,ID
88733,BR,ID
88734,BR,ID
88735,BR,ID
88736,BR,ID
88737,BR,ID
88738,BR,ID
88739,BR,ID
88740,UE,VF
88741,UE,VF
88742,UE,VF
88743,UE,VF
88744,UE,VF
88745,UE,VF
88746,UE,VF
88747,UE,VF
88748,UE,VF
88749,UE,VF
88750,RJ,VF
88751,RJ,VF
88752,RJ,VF
88753,RJ,VF
88754,RJ,VF
88755,RJ,VF
88756,RJ,VF
88757,RJ,VF
88758,RJ,VF
88759,RJ,VF
88760,AS,VF
88761,AS,VF
88762,AS,VF
88763,AS,VF
88764,AS,VF
88765,AS,VF
88766,AS,VF
88767,AS,VF
88768,AS,VF
88769,AS,VF
88770,BR,VF
88771,BR,VF
88772,BR,VF
88773,BR,VF
88774,BR,VF
88775,BR,VF
88776,BR,VF
88777,BR,VF
88778,BR,VF
88779,BR,VF
88780,MP,VF
88781,MP,VF
88782,MP,VF
88783,MP,VF
88784,MP,VF
88785,MP,VF
88786,MP,VF
88787,MP,VF
88788,MP,VF
88789,MP,VF
88790,MU,VF
88791,MU,VF
88792,MU,VF
88793,MU,VF
88794,MU,VF
88795,MU,VF
88796,MU,VF
88797,MU,VF
88798,MU,VF
88799,MU,VF
88800,KN,RG
88801,KN,RG
88802,KN,RG
88803,KN,RG
88804,KN,RG
88805,KN,RG
88806,KN,RG
88807,KN,RG
88808,KN,RG
88809,KN,RG
88810,UW,RG
88811,UW,RG
88812,UW,RG
88813,UW,RG
88814,UW,RG
88815,UW,RG
88816,UW,RG
88817,UW,RG
88818,UW,RG
88819,UW,RG
88820,DL,RG
88821,DL,RG
88822,DL,RG
88823,DL,RG
88824,DL,RG
88825,DL,RG
88826,DL,RG
88827,DL,RG
88828,DL,RG
88829,DL,RG
88830,TN,AC
88831,TN,AC
88832,TN,AC
88833,TN,AC
88834,TN,AC
88835,TN,AC
88836,TN,AC
88837,TN,AC
88838,TN,AC
88839,TN,AC
88840,KN,VF
88841,KN,VF
88842,KN,VF
88843,KN,VF
88844,KN,VF
88845,KN,VF
88846,KN,VF
88847,KN,VF
88848,KN,VF
88849,KN,VF
88850,AP,TD
88851,AP,TD
88852,AP,TD
88853,AP,TD
88854,AP,TD
88855,AP,TD
88856,AP,TD
88857,AP,TD
88858,AP,TD
88859,AP,TD
88860,AP,VF
88861,AP,VF
88862,AP,VF
88863,AP,VF
88864,AP,VF
88865,AP,VF
88866,AP,VF
88867,AP,VF
88868,AP,VF
88869,AP,VF
88870,UE,BS
88871,UE,BS
88872,UE,BS
88873,UE,BS
88874,UE,BS
88875,UE,BS
88876,UE,BS
88877,UE,BS
88878,UE,BS
88879,UE,BS
88880,MH,ID
88881,MH,ID
88882,MH,ID
88883,MH,ID
88884,MH,ID
88885,MH,ID
88886,MH,ID
88887,MH,ID
88888,MH,ID
88889,MH,ID
88890,MP,ID
88891,MP,ID
88892,MP,ID
88893,MP,ID
88894,MP,ID
88895,MP,ID
88896,MP,ID
88897,MP,ID
88898,MP,ID
88899,MP,ID
88900,RJ,AT
88901,RJ,AT
88902,RJ,AT
88903,RJ,AT
88904,RJ,AT
88905,RJ,AT
88906,RJ,AT
88907,RJ,AT
88908,RJ,AT
88909,RJ,AT
88910,KL,TD
88911,KL,TD
88912,KL,TD
88913,KL,TD
88914,KL,TD
88915,KL,TD
88916,KL,TD
88917,KL,TD
88918,KL,TD
88919,KL,TD
88920,KN,AC
88921,KN,AC
88922,KN,AC
88923,KN,AC
88924,KN,AC
88925,KN,AC
88926,KN,AC
88927,KN,AC
88928,KN,AC
88929,KN,AC
88930,KL,RG
88931,KL,RG
88932,KL,RG
88933,KL,RG
88934,KL,RG
88935,KL,RG
88936,KL,RG
88937,KL,RG
88938,KL,RG
88939,KL,RG
88940,HP,AT
88941,HP,AT
88942,HP,AT
88943,HP,AT
88944,HP,AT
88945,HP,AT
88946,HP,AT
88947,HP,AT
88948,HP,AT
88949,HP,AT
88950,OR,BS
88951,OR,BS
88952,OR,BS
88953,OR,BS
88954,OR,BS
88955,OR,BS
88956,OR,BS
88957,OR,BS
88958,OR,BS
88959,OR,BS
88960,UE,AC
88961,UE,AC
88962,UE,AC
88963,UE,AC
88964,UE,AC
88965,UE,AC
88966,UE,AC
88967,UE,AC
88968,UE,AC
88969,UE,AC
88970,AP,AT
88971,AP,AT
88972,AP,AT
88973,AP,AT
88974,AP,AT
88975,AP,AT
88976,AP,AT
88977,AP,AT
88978,AP,AT
88979,AP,AT
88980,MU,AC
88981,MU,AC
88982,MU,AC
88983,MU,AC
88984,MU,AC
88985,MU,AC
88986,MU,AC
88987,MU,AC
88988,MU,AC
88989,MU,AC
88990,UW,RG
88991,UW,RG
88992,UW,RG
88993,UW,RG
88994,UW,RG
88995,UW,RG
88996,UW,RG
88997,UW,RG
88998,UW,RG
88999,UW,RG
89000,WB,BS
89001,WB,BS
89002,WB,BS
89003,WB,BS
89004,WB,BS
89005,WB,BS
89006,WB,BS
89007,WB,BS
89008,WB,BS
89009,WB,BS
89010,HR,BS
89011,HR,BS
89012,HR,BS
89013,HR,BS
89014,HR,BS
89015,HR,BS
89016,HR,BS
89017,HR,BS
89018,HR,BS
89019,HR,BS
89020,KO,BS
89021,KO,BS
89022,KO,BS
89023,KO,BS
89024,KO,BS
89025,KO,BS
89026,KO,BS
89027,KO,BS
89028,KO,BS
89029,KO,BS
89030,TN,BS
89031,TN,BS
89032,TN,BS
89033,TN,BS
89034,TN,BS
89035,TN,BS
89036,TN,BS
89037,TN,BS
89038,TN,BS
89039,TN,BS
89040,KN,TD
89041,KN,TD
89042,KN,TD
89043,KN,TD
89044,KN,TD
89045,KN,TD
89046,KN,TD
89047,KN,TD
89048,KN,TD
89049,KN,TD
89050,GJ,RG
89051,GJ,RG
89052,GJ,RG
89053,GJ,RG
89054,GJ,RG
89055,GJ,RG
89056,GJ,RG
89057,GJ,RG
89058,GJ,RG
89059,GJ,RG
89060,WB,AC
89061,WB,AC
89062,WB,AC
89063,WB,AC
89064,WB,AC
89065,WB,AC
89066,WB,AC
89067,WB,AC
89068,WB,AC
89069,WB,AC
89070,KL,AC
89071,KL,AC
89072,KL,AC
89073,KL,AC
89074,KL,AC
89075,KL,AC
89076,KL,AC
89077,KL,AC
89078,KL,AC
89079,KL,AC
89080,OR,AC
89081,OR,AC
89082,OR,AC
89083,OR,AC
89084,OR,AC
89085,OR,AC
89086,OR,AC
89087,OR,AC
89088,OR,AC
89089,OR,AC
89090,UW,AC
89091,UW,AC
89092,UW,AC
89093,UW,AC
89094,UW,AC
89095,UW,AC
89096,UW,AC
89097,UW,AC
89098,UW,AC
89099,UW,AC
89220,UE,UN
89228,UE,UN
89229,UE,UN
89230,UW,UN
89231,UW,UN
89232,UW,UN
89233,UW,UN
89234,UW,UN
89235,UW,UN
89236,UW,UN
89237,UW,UN
89238,UW,UN
89239,UW,UN
89240,UE,UN
89248,UE,UN
89249,UE,UN
89250,TN,MS
89251,TN,MS
89252,TN,MS
89253,TN,MS
89254,TN,MS
89255,TN,MS
89256,TN,MS
89257,TN,MS
89258,TN,MS
89259,TN,MS
89260,WB,MS
89261,WB,MS
89262,WB,MS
89263,WB,MS
89264,WB,MS
89265,WB,MS
89266,WB,MS
89267,WB,MS
89268,WB,MS
89269,WB,MS
89270,WB,RG
89271,WB,RG
89272,WB,RG
89273,WB,RG
89274,WB,RG
89275,WB,RG
89276,WB,RG
89277,WB,RG
89278,WB,RG
89279,WB,RG
89280,MH,RG
89281,MH,RG
89282,MH,RG
89283,MH,RG
89284,MH,RG
89285,MH,RG
89286,MH,RG
89287,MH,RG
89288,MH,RG
89289,MH,RG
89290,HR,RG
89291,HR,RG
89292,HR,RG
89293,HR,RG
89294,HR,RG
89295,HR,RG
89296,HR,RG
89297,HR,RG
89298,HR,RG
89299,HR,RG
89300,HR,VF
89301,HR,VF
89302,HR,VF
89303,HR,VF
89304,HR,VF
89305,HR,VF
89306,HR,VF
89307,HR,VF
89308,HR,VF
89309,HR,VF
89310,UE,UN
89318,UE,UN
89319,UE,UN
89320,UE,ID
89328,UE,ID
89329,UE,ID
89330,UE,ID
89338,UE,ID
89339,UE,ID
89340,UE,ID
89348,UE,ID
89349,UE,ID
89350,UE,ID
89358,BR,UN
89359,BR,UN
89360,BR,UN
89368,BR,UN
89369,UW,ID
89370,UW,ID
89378,UW,ID
89379,UW,ID
89380,UW,ID
89388,UW,ID
89389,UW,ID
89390,CH,VF
89391,CH,VF
89392,CH,VF
89393,CH,VF
89394,CH,VF
89395,CH,VF
89396,CH,VF
89397,CH,VF
89398,CH,VF
89399,CH,VF
89400,TN,VF
89401,TN,VF
89402,TN,VF
89403,TN,VF
89404,TN,VF
89405,TN,VF
89406,TN,VF
89407,TN,VF
89408,TN,VF
89409,TN,VF
89410,UW,ID
89418,UW,ID
89419,UW,ID
89420,WB,UN
89428,WB,UN
89429,WB,UN
89430,KL,VF
89431,KL,VF
89432,KL,VF
89433,KL,VF
89434,KL,VF
89435,KL,VF
89436,KL,VF
89437,KL,VF
89438,KL,VF
89439,KL,VF
89440,WB,UN
89448,WB,UN
89449,WB,UN
89450,WB,UN
89458,WB,UN
89459,WB,UN
89460,WB,UN
89468,RJ,AC
89469,RJ,AC
89470,RJ,AC
89478,RJ,AC
89479,RJ,AC
89480,UE,VF
89481,UE,VF
89482,UE,VF
89483,UE,VF
89484,UE,VF
89485,UE,VF
89486,UE,VF
89487,UE,VF
89488,UE,VF
89489,UE,VF
89500,HR,TD
89501,HR,TD
89502,HR,TD
89503,HR,TD
89504,HR,TD
89505,HR,TD
89506,HR,TD
89507,HR,TD
89508,HR,TD
89509,HR,TD
89510,KN,TD
89511,KN,TD
89512,KN,TD
89513,KN,TD
89514,KN,TD
89515,KN,TD
89516,KN,TD
89517,KN,TD
89518,KN,TD
89519,KN,TD
89520,RJ,AC
89528,RJ,AC
89529,RJ,AC
89530,UE,AT
89531,UE,AT
89532,UE,AT
89533,UE,AT
89534,UE,AT
89535,UE,AT
89536,UE,AT
89537,UE,AT
89538,UE,AT
89539,UE,AT
89540,UW,VF
89541,UW,VF
89542,UW,VF
89543,UW,VF
89544,UW,VF
89545,UW,VF
89546,UW,VF
89547,UW,VF
89548,UW,VF
89549,UW,VF
89550,RJ,RG
89551,RJ,RG
89552,RJ,RG
89553,RJ,RG
89554,RJ,RG
89555,RJ,RG
89556,RJ,RG
89557,RJ,RG
89558,RJ,RG
89559,RJ,RG
89560,MH,RG
89561,MH,RG
89562,MH,RG
89563,MH,RG
89564,MH,RG
89565,MH,RG
89566,MH,RG
89567,MH,RG
89568,MH,RG
89569,MH,RG
89570,UE,RG
89571,UE,RG
89572,UE,RG
89573,UE,RG
89574,UE,RG
89575,UE,RG
89576,UE,RG
89577,UE,RG
89578,UE,RG
89579,UE,RG
89580,UW,ID
89581,UW,ID
89582,UW,ID
89583,UW,ID
89584,UW,ID
89585,UW,ID
89586,UW,ID
89587,UW,ID
89588,UW,ID
89589,UW,ID
89590,MP,ID
89591,MP,ID
89592,MP,ID
89593,MP,ID
89594,MP,ID
89595,MP,ID
89596,MP,ID
89597,MP,ID
89598,MP,ID
89599,MP,ID
89600,UE,TD
89601,UE,TD
89602,UE,TD
89603,UE,TD
89604,UE,TD
89605,UE,TD
89606,UE,TD
89607,UE,TD
89608,UE,TD
89609,UE,TD
89610,KO,TD
89611,KO,TD
89612,KO,TD
89613,KO,TD
89614,KO,TD
89615,KO,TD
89616,KO,TD
89617,KO,TD
89618,KO,TD
89619,KO,TD
89620,MP,TD
89621,MP,TD
89622,MP,TD
89623,MP,TD
89624,MP,TD
89625,MP,TD
89626,MP,TD
89627,MP,TD
89628,MP,TD
89629,MP,TD
89630,RJ,AC
89638,RJ,AC
89639,MP,ID
89640,MP,ID
89648,MP,ID
89649,MP,ID
89650,MP,ID
89658,MP,ID
89659,MP,ID
89660,MP,ID
89668,MP,ID
89669,MP,ID
89670,WB,AT
89671,WB,AT
89672,WB,AT
89673,WB,AT
89674,WB,AT
89675,WB,AT
89676,WB,AT
89677,WB,AT
89678,WB,AT
89679,WB,AT
89680,PB,AT
89681,PB,AT
89682,PB,AT
89683,PB,AT
89684,PB,AT
89685,PB,AT
89686,PB,AT
89687,PB,AT
89688,PB,AT
89689,PB,AT
89690,BR,AT
89691,BR,AT
89692,BR,AT
89693,BR,AT
89694,BR,AT
89695,BR,AT
89696,BR,AT
89697,BR,AT
89698,BR,AT
89699,BR,AT
89700,KN,ID
89701,KN,ID
89702,KN,ID
89703,KN,ID
89704,KN,ID
89705,KN,ID
89706,KN,ID
89707,KN,ID
89708,KN,ID
89709,KN,ID
89710,KN,AT
89711,KN,AT
89712,KN,AT
89713,KN,AT
89714,KN,AT
89715,KN,AT
89716,KN,AT
89717,KN,AT
89718,KN,AT
89719,KN,AT
89720,WB,AT
89721,WB,AT
89722,WB,AT
89723,WB,AT
89724,WB,AT
89725,WB,AT
89726,WB,AT
89727,WB,AT
89728,WB,AT
89729,WB,AT
89730,TN,AC
89731,TN,AC
89732,TN,AC
89733,TN,AC
89734,TN,AC
89735,TN,AC
89736,TN,AC
89737,TN,AC
89738,TN,AC
89739,TN,AC
89740,NE,AT
89741,NE,AT
89742,NE,AT
89743,NE,AT
89744,NE,AT
89745,NE,AT
89746,NE,AT
89747,NE,AT
89748,NE,AT
89749,NE,AT
89750,MH,ID
89751,MH,ID
89752,MH,ID
89753,MH,ID
89754,MH,ID
89755,MH,ID
89756,MH,ID
89757,MH,ID
89758,MH,ID
89759,MH,ID
89760,MU,TD
89761,MU,TD
89762,MU,TD
89763,MU,TD
89764,MU,TD
89765,MU,TD
89766,MU,TD
89767,MU,TD
89768,MU,TD
89769,MU,TD
89770,AP,TD
89771,AP,TD
89772,AP,TD
89773,AP,TD
89774,AP,TD
89775,AP,TD
89776,AP,TD
89777,AP,TD
89778,AP,TD
89779,AP,TD
89780,AP,AT
89781,AP,AT
89782,AP,AT
89783,AP,AT
89784,AP,AT
89785,AP,AT
89786,AP,AT
89787,AP,AT
89788,AP,AT
89789,AP,AT
89790,UW,AT
89791,UW,AT
89792,UW,AT
89793,UW,AT
89794,UW,AT
89795,UW,AT
89796,UW,AT
89797,UW,AT
89798,UW,AT
89799,UW,AT
89800,GJ,VF
89801,GJ,VF
89802,GJ,VF
89803,GJ,VF
89804,GJ,VF
89805,GJ,VF
89806,GJ,VF
89807,GJ,VF
89808,GJ,VF
89809,GJ,VF
89810,KO,TD
89811,KO,TD
89812,KO,TD
89813,KO,TD
89814,KO,TD
89815,KO,TD
89816,KO,TD
89817,KO,TD
89818,KO,TD
89819,KO,TD
89820,MP,TD
89821,MP,TD
89822,MP,TD
89823,MP,TD
89824,MP,TD
89825,MP,TD
89826,MP,TD
89827,MP,TD
89828,MP,TD
89829,MP,TD
89830,MH,TD
89831,MH,TD
89832,MH,TD
89833,MH,TD
89834,MH,TD
89835,MH,TD
89836,MH,TD
89837,MH,TD
89838,MH,TD
89839,MH,TD
89840,OR,TD
89841,OR,TD
89842,OR,TD
89843,OR,TD
89844,OR,TD
89845,OR,TD
89846,OR,TD
89847,OR,TD
89848,OR,TD
89849,OR,TD
89850,AP,BS
89851,AP,BS
89852,AP,BS
89853,AP,BS
89854,AP,BS
89855,AP,BS
89856,AP,BS
89857,AP,BS
89858,AP,BS
89859,AP,BS
89860,BR,BS
89861,BR,BS
89862,BR,BS
89863,BR,BS
89864,BR,BS
89865,BR,BS
89866,BR,BS
89867,BR,BS
89868,BR,BS
89869,BR,BS
89870,BR,BS
89871,BR,BS
89872,BR,BS
89873,BR,BS
89874,BR,BS
89875,BR,BS
89876,BR,BS
89877,BR,BS
89878,BR,BS
89879,BR,BS
89880,HP,BS
89881,HP,BS
89882,HP,BS
89883,HP,BS
89884,HP,BS
89885,HP,BS
89886,HP,BS
89887,HP,BS
89888,HP,BS
89889,HP,BS
89890,MP,BS
89891,MP,BS
89892,MP,BS
89893,MP,BS
89894,MP,BS
89895,MP,BS
89896,MP,BS
89897,MP,BS
89898,MP,BS
89899,MP,BS
